矮	a
挨	a
鞋	ɦa
阿	aʔ
劾	ɦaʔ
覈	ɦaʔ
𠃛	aŋ
㹙	aŋ
桁	ɦaŋ
行	ɦaŋ
奥	ɑu
澳	ɑu
燠	ɑu
懊	ɑu
凹	ɑu
坳	ɑu
拗	ɑu
襖	ɑu
媪	ɑu
嶴	ɑu
鏖	ɑu
䯠	ɑu
𩼈	ɑu
鐭	ɑu
㜩	ɑu
隩	ɑu
䫜	ɑu
㑃	ɑu
豪	ɦɑu
毫	ɦɑu
溱	ɦɑu
濠	ɦɑu
昊	ɦɑu
浩	ɦɑu
號	ɦɑu
壕	ɦɑu
灝	ɦɑu
皓	ɦɑu
顥	ɦɑu
鎬	ɦɑu
嗥	ɦɑu
皞	ɦɑu
鄗	ɦɑu
㠙	ɦɑu
悎	ɦɑu
哀	ɛ
藹	ɛ
靄	ɛ
靉	ɛ
僾	ɛ
愛	ɛ
餲	ɛ
噯	ɛ
唉	ɛ
欸	ɛ
哎	ɛ
瞹	ɛ
害	ɦɛ
孩	ɦɛ
亥	ɦɛ
嗐	ɦɛ
頦	ɦɛ
𩿼	ɛ̃
憾	ɦɛ̃
排	ba
牌	ba
䱝	ba
䇑	ba
捭	ba
𥱼	ba
敗	bɛ
稗	bɛ
粺	bɛ
徘	bɛ
辦	bɛ̃
爿	bɛ̃
瓣	bɛ̃
𤖭	bɛ̃
𨂝	bɛ̃
白	baʔ
茇	baʔ
拔	baʔ
跋	baʔ
鈸	baʔ
祓	baʔ
鮊	baʔ
胈	baʔ
碰	baŋ
蚌	baŋ
甏	baŋ
掽	baŋ
䰷	baŋ
湴	baŋ
𦝤	baŋ
棚	baŋ
𥕱	baŋ
𦗭	baŋ
膨	baŋ
踫	baŋ
庖	bɑu
袍	bɑu
匏	bɑu
抱	bɑu
鉋	bɑu
鮑	bɑu
暴	bɑu
瓟	bɑu
菢	bɑu
皰	bɑu
炰	bɑu
備	be
倍	be
培	be
賠	be
佩	be
珮	be
培	be
裴	be
醅	be
陪	be
悖	be
蓓	be
被	be
陛	be
狴	be
薜	be
背	be
𤊷	be
毰	be
𩊰	be
邶	be
脖	bəʔ
勃	bəʔ
浡	bəʔ
孛	bəʔ
渤	bəʔ
鵓	bəʔ
帛	bəʔ
餑	bəʔ
䪬	bəʔ
荸	bəʔ
盆	bəŋ
笨	bəŋ
彭	bəŋ
蟛	bəŋ
朋	bəŋ
棚	bəŋ
瓫	bəŋ
湓	bəŋ
㖹	bəŋ
輣	bəŋ
硼	bəŋ
缽	bəŋ
鵬	bəŋ
掊	bœy
坏	bœy
抔	bœy
𧉈	bœy
衃	bœy
餢	bœy
錇	bœy
皮	bi
比	bi
疲	bi
脾	bi
琵	bi
陴	bi
毘	bi
貔	bi
羆	bi
鼙	bi
敝	bi
婢	bi
弊	bi
幣	bi
篦	bi
避	bi
斃	bi
枇	bi
裨	bi
庳	bi
痺	bi
獘	bi
贔	bi
崥	bi
鈚	bi
𦱔	bi
被	bi
鐴	bi
髲	bi
瓢	biɑu
薸	biɑu
嫖	biɑu
殍	biɑu
摽	biɑu
鰾	biɑu
嬲	biɑu
闢	bɪʔ
別	bɪʔ
弼	bɪʔ
𩦉	bɪʔ
愎	bɪʔ
甓	bɪʔ
鼻	bɪʔ
䕗	bɪʔ
𩑻	bɪʔ
㧙	bɪʔ
𨳲	bɪʔ
辟	bɪʔ
便	bĩ
胼	bĩ
帡	bĩ
駢	bĩ
箯	bĩ
緶	bĩ
辮	bĩ
辨	bĩ
汴	bĩ
卞	bĩ
辯	bĩ
弁	bĩ
忭	bĩ
𩰍	bĩ
𨂯	bĩ
𣸇	bĩ
𥿋	bĩ
㛹	bĩ
楩	bĩ
平	biŋ
枰	biŋ
苹	biŋ
屏	biŋ
瓶	biŋ
貧	biŋ
萍	biŋ
評	biŋ
憑	biŋ
頻	biŋ
颦	biŋ
缾	biŋ
牝	biŋ
並	biŋ
病	biŋ
瀕	biŋ
蘋	biŋ
怦	biŋ
泙	biŋ
䈂	biŋ
馮	biŋ
坪	biŋ
蚲	biŋ
鮃	biŋ
鵧	biŋ
婆	bo
鄱	bo
碆	bo
縛	bo
薄	bo
蔢	bo
皤	bo
薄	boʔ
匐	boʔ
蔔	boʔ
瀑	boʔ
箔	boʔ
僕	boʔ
曝	boʔ
雹	boʔ
舶	boʔ
泊	boʔ
礴	boʔ
亳	boʔ
暴	boʔ
鉑	boʔ
𢫯	boʔ
𩍩	boʔ
㩧	boʔ
𩏵	boʔ
鑮	boʔ
蓬	boŋ
篷	boŋ
芃	boŋ
髼	boŋ
㷯	boŋ
逢	boŋ
埄	boŋ
罷	bɔ
杷	bɔ
琶	bɔ
爬	bɔ
潖	bɔ
𥝧	bɔ
扒	bɔ
葩	bɔ
旁	bɔŋ
防	bɔŋ
傍	bɔŋ
徬	bɔŋ
滂	bɔŋ
棒	bɔŋ
龐	bɔŋ
膀	bɔŋ
雱	bɔŋ
磅	bɔŋ
𤧭	bɔŋ
𢄎	bɔŋ
蒡	bɔŋ
䅭	bɔŋ
螃	bɔŋ
䠙	bɔŋ
蒲	bu
菩	bu
蔀	bu
埠	bu
簿	bu
步	bu
捕	bu
部	bu
匍	bu
葡	bu
逋	bu
哺	bu
蜅	bu
䝵	bu
𩊬	bu
酺	bu
晡	bu
埔	bu
盤	bũ
磐	bũ
蟠	bũ
坢	bũ
伴	bũ
畔	bũ
叛	bũ
蹣	bũ
幋	bũ
槃	bũ
鞶	bũ
拌	bũ
鉡	bũ
𥑍	bũ
秚	bũ
姅	bũ
絆	bũ
繁	bũ
怑	bũ
柈	bũ
拙	tʃɪʔ
醊	tʃɪʔ
綴	tʃɪʔ
窒	tʃɪʔ
啜	tʃɪʔ
梲	tʃɪʔ
惙	tʃɪʔ
昢	tʃɪʔ
輟	tʃɪʔ
歠	tʃɪʔ
㤕	tʃɪʔ
窋	tʃɪʔ
𠷅	tʃɪʔ
𩋁	tʃɪʔ
䮕	tʃɪʔ
錣	tʃɪʔ
絀	tʃɪʔ
出	tʃʰɪʔ
黜	tʃʰɪʔ
怵	tʃʰɪʔ
震	tʃiŋ
駿	tʃiŋ
諄	tʃiŋ
賑	tʃiŋ
瞋	tʃiŋ
餕	tʃiŋ
鎭	tʃiŋ
縝	tʃiŋ
盹	tʃiŋ
准	tʃiŋ
畯	tʃiŋ
準	tʃiŋ
屯	tʃiŋ
振	tʃiŋ
隼	tʃiŋ
峻	tʃiŋ
迍	tʃiŋ
俊	tʃiŋ
雋	tʃiŋ
逡	tʃiŋ
肫	tʃiŋ
焌	tʃiŋ
鎨	tʃiŋ
娠	tʃiŋ
春	tʃʰiŋ
皴	tʃʰiŋ
疢	tʃʰiŋ
椿	tʃʰiŋ
蠢	tʃʰiŋ
䮞	tʃʰiŋ
㿤	tʃʰiŋ
瑃	tʃʰiŋ
竹	tʃoʔ
竺	tʃoʔ
倬	tʃoʔ
琢	tʃoʔ
卓	tʃoʔ
築	tʃoʔ
囑	tʃoʔ
踔	tʃoʔ
粥	tʃoʔ
諑	tʃoʔ
祝	tʃoʔ
涿	tʃoʔ
斲	tʃoʔ
屬	tʃoʔ
啄	tʃoʔ
劚	tʃoʔ
筑	tʃoʔ
燭	tʃoʔ
桌	tʃoʔ
瘃	tʃoʔ
柷	tʃoʔ
矚	tʃoʔ
觸	tʃʰoʔ
搠	tʃʰoʔ
篧	tʃʰoʔ
畜	tʃʰoʔ
亍	tʃʰoʔ
浞	tʃʰoʔ
矗	tʃʰoʔ
齪	tʃʰoʔ
娖	tʃʰoʔ
珿	tʃʰoʔ
𥒭	tʃʰoʔ
中	tʃoŋ
鐘	tʃoŋ
盅	tʃoŋ
終	tʃoŋ
衷	tʃoŋ
忠	tʃoŋ
鍾	tʃoŋ
種	tʃoŋ
衆	tʃoŋ
腫	tʃoŋ
瘇	tʃoŋ
踵	tʃoŋ
籦	tʃoŋ
湩	tʃoŋ
堹	tʃoŋ
沖	tʃʰoŋ
翀	tʃʰoŋ
衝	tʃʰoŋ
充	tʃʰoŋ
㧤	tʃʰoŋ
忡	tʃʰoŋ
寵	tʃʰoŋ
銃	tʃʰoŋ
罿	tʃʰoŋ
𨖼	tʃʰoŋ
憧	tʃʰoŋ
珫	tʃʰoŋ
𥬱	tʃʰoŋ
㳘	tʃʰoŋ
吒	tʃɔ
奼	tʃɔ
扯	tʃʰɔ
撦	tʃʰɔ
章	tʃɔŋ
瞕	tʃɔŋ
障	tʃɔŋ
壯	tʃɔŋ
慞	tʃɔŋ
樟	tʃɔŋ
掌	tʃɔŋ
彰	tʃɔŋ
瘴	tʃɔŋ
樁	tʃɔŋ
嶂	tʃɔŋ
鱆	tʃɔŋ
蔁	tʃɔŋ
騿	tʃɔŋ
𩌬	tʃɔŋ
獐	tʃɔŋ
奘	tʃɔŋ
𪅂	tʃɔŋ
鞝	tʃɔŋ
窗	tʃʰɔŋ
昌	tʃʰɔŋ
閶	tʃʰɔŋ
猖	tʃʰɔŋ
唱	tʃʰɔŋ
菖	tʃʰɔŋ
娼	tʃʰɔŋ
鯧	tʃʰɔŋ
倡	tʃʰɔŋ
鬯	tʃʰɔŋ
闖	tʃʰɔŋ
暢	tʃʰɔŋ
淐	tʃʰɔŋ
主	tʃy
智	tʃy
岨	tʃy
銖	tʃy
蜘	tʃy
朱	tʃy
侏	tʃy
沮	tʃy
炷	tʃy
晢	tʃy
蛀	tʃy
置	tʃy
製	tʃy
誅	tʃy
菹	tʃy
猪	tʃy
嘴	tʃy
致	tʃy
著	tʃy
拄	tʃy
袾	tʃy
洙	tʃy
鑄	tʃy
作	tʃy
硃	tʃy
緻	tʃy
麈	tʃy
邾	tʃy
注	tʃy
咀	tʃy
苴	tʃy
疽	tʃy
霔	tʃy
足	tʃy
知	tʃy
疐	tʃy
株	tʃy
趄	tʃy
諸	tʃy
瀦	tʃy
睢	tʃy
渚	tʃy
制	tʃy
註	tʃy
且	tʃy
詛	tʃy
㹥	tʃy
跓	tʃy
䝷	tʃy
鉒	tʃy
鉒	tʃy
茱	tʃy
疰	tʃy
丶	tʃy
𡟹	tʃy
蛆	tʃy
處	tʃʰy
痴	tʃʰy
笞	tʃʰy
絺	tʃʰy
鼠	tʃʰy
鴟	tʃʰy
媸	tʃʰy
取	tʃʰy
祉	tʃʰy
褚	tʃʰy
眵	tʃʰy
趣	tʃʰy
蚩	tʃʰy
癙	tʃʰy
娶	tʃʰy
恥	tʃʰy
杵	tʃʰy
攄	tʃʰy
侈	tʃʰy
魑	tʃʰy
𠷣	tʃʰy
哆	tʃʰy
𩶅	tʃʰy
黐	tʃʰy
專	tʃỹ
镟	tʃỹ
囀	tʃỹ
顓	tʃỹ
旋	tʃỹ
璇	tʃỹ
攢	tʃỹ
剸	tʃỹ
籫	tʃỹ
磚	tʃỹ
纂	tʃỹ
轉	tʃỹ
纘	tʃỹ
篅	tʃỹ
剬	tʃỹ
𩤚	tʃỹ
𨄔	tʃỹ
𢳄	tʃỹ
𧍒	tʃỹ
颴	tʃỹ
穿	tʃʰỹ
詮	tʃʰỹ
釧	tʃʰỹ
舛	tʃʰỹ
荃	tʃʰỹ
銓	tʃʰỹ
串	tʃʰỹ
川	tʃʰỹ
痊	tʃʰỹ
喘	tʃʰỹ
牷	tʃʰỹ
筌	tʃʰỹ
荃	tʃʰỹ
悛	tʃʰỹ
鐫	tʃʰỹ
鐉	tʃʰỹ
剶	tʃʰỹ
拴	tʃʰỹ
竣	tʃʰỹ
大	da
𠯈	da
汏	da
埭	da
代	dɛ
苔	dɛ
臺	dɛ
抬	dɛ
待	dɛ
檯	dɛ
殆	dɛ
玳	dɛ
岱	dɛ
抬	dɛ
迨	dɛ
靆	dɛ
袋	dɛ
紿	dɛ
薹	dɛ
黛	dɛ
炱	dɛ
隶	dɛ
㻖	dɛ
駘	dɛ
䒫	dɛ
但	dɛ̃
誕	dɛ̃
澹	dɛ̃
惔	dɛ̃
蛋	dɛ̃
壇	dɛ̃
痰	dɛ̃
彈	dɛ̃
談	dɛ̃
袒	dɛ̃
痰	dɛ̃
菼	dɛ̃
覃	dɛ̃
髧	dɛ̃
啖	dɛ̃
憚	dɛ̃
淡	dɛ̃
罎	dɛ̃
驔	dɛ̃
殫	dɛ̃
鷤	dɛ̃
睒	dɛ̃
柦	dɛ̃
萏	dɛ̃
䉡	dɛ̃
壜	dɛ̃
達	daʔ
踏	daʔ
噠	daʔ
薘	daʔ
韃	daʔ
宕	daŋ
道	dɑu
桃	dɑu
衜	dɑu
稻	dɑu
濤	dɑu
盜	dɑu
導	dɑu
絢	dɑu
萄	dɑu
蹈	dɑu
纛	dɑu
燾	dɑu
陶	dɑu
咷	dɑu
鼗	dɑu
䬞	dɑu
悼	dɑu
逃	dɑu
淘	dɑu
翿	dɑu
櫂	dɑu
幬	dɑu
焯	dɑu
駣	dɑu
誂	dɑu
啕	dɑu
隊	de
鐓	de
兌	de
頹	de
薱	de
懟	de
隤	de
𧝋	de
蘈	de
魋	de
𩊭	de
鑆	de
膇	de
縋	de
𠏮	de
特	dəʔ
凸	dəʔ
奪	dəʔ
突	dəʔ
腯	dəʔ
沓	dəʔ
𧌏	dəʔ
䂿	dəʔ
⿺辶𦊽	dəʔ
螣	dəʔ
潭	dẽ
禫	dẽ
騰	dəŋ
鈍	dəŋ
窀	dəŋ
豚	dəŋ
吨	dəŋ
藤	dəŋ
庉	dəŋ
螣	dəŋ
滕	dəŋ
飩	dəŋ
藤	dəŋ
謄	dəŋ
囤	dəŋ
屯	dəŋ
遁	dəŋ
盾	dəŋ
鄧	dəŋ
臀	dəŋ
疼	dəŋ
沌	dəŋ
魨	dəŋ
𥷝	dəŋ
頭	dœy
骰	dœy
痘	dœy
投	dœy
荳	dœy
豆	dœy
脰	dœy
逗	dœy
讀	dœy
資	dœy
竇	dœy
䛠	dœy
郖	dœy
㛒	dœy
裋	dœy
𩊪	dœy
亠	dœy
地	di
禘	di
締	di
啼	di
蹄	di
提	di
題	di
堤	di
弟	di
第	di
娣	di
逮	di
悌	di
遞	di
棣	di
鞮	di
踶	di
䑯	di
荑	di
䨑	di
𧙣	di
鵜	di
鍗	di
𩋣	di
𤟥	di
𩤢	di
䬫	di
疊	diaʔ
蝶	diaʔ
惵	diaʔ
牒	diaʔ
碟	diaʔ
堞	diaʔ
喋	diaʔ
渫	diaʔ
㥈	diaʔ
鍱	diaʔ
㻡	diaʔ
調	diɑu
苕	diɑu
掉	diɑu
迢	diɑu
笤	diɑu
鞗	diɑu
條	diɑu
窕	diɑu
鎥	diɑu
䠷	diɑu
嬥	diɑu
絛	diɑu
敵	dɪʔ
籊	dɪʔ
翟	dɪʔ
絰	dɪʔ
廸	dɪʔ
蛭	dɪʔ
滌	dɪʔ
笛	dɪʔ
荻	dɪʔ
垤	dɪʔ
狄	dɪʔ
覿	dɪʔ
迭	dɪʔ
糴	dɪʔ
耋	dɪʔ
瓞	dɪʔ
䌦	dɪʔ
郅	dɪʔ
田	dĩ
鈿	dĩ
甜	dĩ
塡	dĩ
滇	dĩ
佃	dĩ
殿	dĩ
電	dĩ
甸	dĩ
奠	dĩ
靛	dĩ
蜔	dĩ
癜	dĩ
簟	dĩ
殄	dĩ
闐	dĩ
恬	dĩ
畋	dĩ
湉	dĩ
䡘	dĩ
定	diŋ
廷	diŋ
庭	diŋ
亭	diŋ
停	diŋ
蜓	diŋ
鋌	diŋ
霆	diŋ
婷	diŋ
珽	diŋ
涏	diŋ
𦝞	diŋ
筵	diŋ
錠	diŋ
鴕	do
陀	do
跎	do
沱	do
鮀	do
䭾	do
鼉	do
鉈	do
砣	do
舵	do
嶞	do
惰	do
墮	do
酡	do
鴕	do
灺	do
岮	do
𦝦	do
𡩆	do
㾃	do
獨	doʔ
櫝	doʔ
凟	doʔ
殰	doʔ
瀆	doʔ
犢	doʔ
度	doʔ
𦂀	doʔ
讀	doʔ
牘	doʔ
鐸	doʔ
䮷	doʔ
𨍏	doʔ
𧩧	doʔ
喥	doʔ
同	doŋ
銅	doŋ
童	doŋ
桐	doŋ
僮	doŋ
筒	doŋ
艟	doŋ
洞	doŋ
動	doŋ
彤	doŋ
瞳	doŋ
桶	doŋ
峒	doŋ
慟	doŋ
𢳾	doŋ
𩍅	doŋ
𣪯	doŋ
烔	doŋ
獞	doŋ
鮦	doŋ
踱	dɔʔ
毒	dɔʔ
讟	dɔʔ
堂	dɔŋ
唐	dɔŋ
搪	dɔŋ
塘	dɔŋ
膛	dɔŋ
螗	dɔŋ
糖	dɔŋ
螳	dɔŋ
荡	dɔŋ
溏	dɔŋ
棠	dɔŋ
盪	dɔŋ
宕	dɔŋ
𥸈	dɔŋ
摚	dɔŋ
鎕	dɔŋ
篖	dɔŋ
𩥁	dɔŋ
赯	dɔŋ
煻	dɔŋ
凙	dɔŋ
團	dø̃
搏	dø̃
糰	dø̃
緞	dø̃
斷	dø̃
段	dø̃
𩤣	dø̃
腶	dø̃
徒	du
圖	du
途	du
屠	du
鍍	du
杜	du
渡	du
肚	du
瘏	du
度	du
塗	du
荼	du
酴	du
菟	du
𦳔	du
涂	du
絶	dʒɪʔ
蕝	dʒɪʔ
𢴭	dʒɪʔ
蜀	dʒoʔ
妯	dʒoʔ
柚	dʒoʔ
逐	dʒoʔ
篴	dʒoʔ
鐲	dʒoʔ
濁	dʒoʔ
躅	dʒoʔ
濯	dʒoʔ
擢	dʒoʔ
𥷘	dʒoʔ
蠋	dʒoʔ
擉	dʒoʔ
舳	dʒoʔ
重	dʒoŋ
仲	dʒoŋ
蟲	dʒoŋ
搽	dʒɔ
𡨀	dʒɔ
蜍	dʒɔ
佘	dʒɔ
常	dʒɔŋ
償	dʒɔŋ
裳	dʒɔŋ
嘗	dʒɔŋ
鰭	dʒɔŋ
嫦	dʒɔŋ
撞	dʒɔŋ
鏛	dʒɔŋ
住	dʒy
柱	dʒy
廚	dʒy
除	dʒy
苧	dʒy
治	dʒy
佇	dʒy
蜍	dʒy
櫥	dʒy
躇	dʒy
篨	dʒy
宁	dʒy
竚	dʒy
貯	dʒy
杼	dʒy
駐	dʒy
箸	dʒy
𩣷	dʒy
𨮿	dʒy
辵	dʒy
傳	dʒỹ
泉	dʒỹ
旋	dʒỹ
全	dʒỹ
還	dʒỹ
遄	dʒỹ
椽	dʒỹ
撰	dʒỹ
譔	dʒỹ
饌	dʒỹ
篆	dʒỹ
瑑	dʒỹ
襈	dʒỹ
𩔊	dʒỹ
𧂍	dʒỹ
漩	dʒỹ
猭	dʒỹ
慈	dzɿ
磁	dzɿ
辭	dzɿ
詞	dzɿ
嗣	dzɿ
祠	dzɿ
茨	dzɿ
瓷	dzɿ
鶿	dzɿ
伺	dzɿ
飼	dzɿ
寨	dza
在	dzɛ
財	dzɛ
才	dzɛ
材	dzɛ
裁	dzɛ
儕	dzɛ
豺	dzɛ
暫	dzɛ̃
讒	dzɛ̃
饞	dzɛ̃
鑱	dzɛ̃
嚵	dzɛ̃
殘	dzɛ̃
纔	dzɛ̃
慚	dzɛ̃
棧	dzɛ̃
站	dzɛ̃
賺	dzɛ̃
綻	dzɛ̃
孱	dzɛ̃
潺	dzɛ̃
巉	dzɛ̃
儳	dzɛ̃
湛	dzɛ̃
虥	dzɛ̃
劖	dzɛ̃
橙	dzɛ̃
㻵	dzɛ̃
宅	dzaʔ
䥷	dzaʔ
㳐	dzaʔ
𦑱	dzaʔ
鸅	dzaʔ
㔍	dzaʔ
䵵	dzaʔ
盛	dzaŋ
成	dzaŋ
曹	dzɑu
槽	dzɑu
漕	dzɑu
皂	dzɑu
造	dzɑu
𤍒	dzɑu
𨄓	dzɑu
巢	dzɑu
窼	dzɑu
轈	dzɑu
𨢪	dzɑu
𩞄	dzɑu
𥕘	dzɑu
樔	dzɑu
皁	dzɑu
梍	dzɑu
擇	dzəʔ
澤	dzəʔ
賊	dzəʔ
雜	dzəʔ
鰂	dzəʔ
𨆎	dzəʔ
鱡	dzəʔ
存	dzəŋ
蹭	dzəŋ
贈	dzəŋ
岑	dzəŋ
涔	dzəŋ
橙	dzəŋ
掁	dzəŋ
蹲	dzəŋ
朕	dzəŋ
鴆	dzəŋ
曾	dzəŋ
䂻	dzəŋ
𦼏	dzəŋ
䉕	dzəŋ
䫈	dzəŋ
愁	dzœy
驟	dzœy
䠫	dzœy
池	dzi
齊	dzi
薺	dzi
持	dzi
馳	dzi
臍	dzi
墀	dzi
遲	dzi
蚳	dzi
篪	dzi
畤	dzi
雉	dzi
痔	dzi
峙	dzi
豸	dzi
彘	dzi
滞	dzi
穉	dzi
褫	dzi
苵	dzi
踟	dzi
伽	dzia
着	dziaʔ
長	dziaŋ
祥	dziaŋ
詳	dziaŋ
庠	dziaŋ
翔	dziaŋ
匠	dziaŋ
戕	dziaŋ
塲	dziaŋ
腸	dziaŋ
丈	dziaŋ
仗	dziaŋ
杖	dziaŋ
䗅	dziaŋ
潮	dziɑu
鼂	dziɑu
趙	dziɑu
召	dziɑu
朝	dziɑu
直	dzɪʔ
疾	dzɪʔ
寂	dzɪʔ
嫉	dzɪʔ
蒺	dzɪʔ
涉	dzɪʔ
捷	dzɪʔ
倢	dzɪʔ
姪	dzɪʔ
値	dzɪʔ
殖	dzɪʔ
植	dzɪʔ
躑	dzɪʔ
擲	dzɪʔ
蟄	dzɪʔ
淔	dzɪʔ
秩	dzɪʔ
螫	dzɪʔ
漸	dzĩ
錢	dzĩ
潛	dzĩ
前	dzĩ
廛	dzĩ
踐	dzĩ
賤	dzĩ
纏	dzĩ
躔	dzĩ
熸	dzĩ
蔪	dzĩ
城	dziŋ
情	dziŋ
盡	dziŋ
秦	dziŋ
仍	dziŋ
扔	dziŋ
沉	dziŋ
忱	dziŋ
𩂸	dziŋ
臣	dziŋ
呈	dziŋ
埕	dziŋ
程	dziŋ
丞	dziŋ
諶	dziŋ
酲	dziŋ
承	dziŋ
成	dziŋ
𧘌	dziŋ
裎	dziŋ
誠	dziŋ
餳	dziŋ
𪟖	dziŋ
壗	dziŋ
郕	dziŋ
陳	dziŋ
蔯	dziŋ
塍	dziŋ
塵	dziŋ
乘	dziŋ
澄	dziŋ
懲	dziŋ
阱	dziŋ
陣	dziŋ
賸	dziŋ
鄭	dziŋ
窚	dziŋ
徎	dziŋ
贐	dziŋ
燼	dziŋ
珹	dziŋ
悜	dziŋ
嵊	dziŋ
儘	dziŋ
綢	dziu
就	dziu
囚	dziu
酬	dziu
犨	dziu
紬	dziu
裯	dziu
惆	dziu
稠	dziu
儔	dziu
疇	dziu
籌	dziu
讎	dziu
躊	dziu
紂	dziu
鷲	dziu
岫	dziu
宙	dziu
胄	dziu
酎	dziu
伷	dziu
䛆	dziu
譸	dziu
柚	dziu
䩜	dziu
𩋰	dziu
䈙	dziu
蝤	dziu
族	dzoʔ
俗	dzoʔ
昨	dzoʔ
怍	dzoʔ
柞	dzoʔ
酢	dzoʔ
續	dzoʔ
藚	dzoʔ
鑿	dzoʔ
從	dzoŋ
戎	dzoŋ
叢	dzoŋ
崇	dzoŋ
誦	dzoŋ
頌	dzoŋ
訟	dzoŋ
茸	dzoŋ
氄	dzoŋ
冗	dzoŋ
𥬪	dzoŋ
茙	dzoŋ
䇯	dzoŋ
駥	dzoŋ
搑	dzoŋ
榵	dzoŋ
茶	dzɔ
査	dzɔ
槎	dzɔ
乍	dzɔ
痄	dzɔ
垞	dzɔ
溠	dzɔ
鮓	dzɔ
泎	dzɔ
齚	dzɔ
蜡	dzɔ
𨃓	dzɔ
揸	dzɔ
侘	dzɔ
藏	dzɔŋ
臟	dzɔŋ
牀	dzɔŋ
疒	dzɔŋ
助	dzu
鋤	dzu
徂	dzu
雛	dzu
殂	dzu
齟	dzu
阼	dzu
胙	dzu
祚	dzu
䅳	dzu
揞	e
阨	əʔ
呃	əʔ
扼	əʔ
扼	əʔ
軛	əʔ
謁	əʔ
暍	əʔ
遏	əʔ
頞	əʔ
厄	əʔ
合	ɦəʔ
盒	ɦəʔ
曷	ɦəʔ
褐	ɦəʔ
轄	ɦəʔ
盍	ɦəʔ
嗑	ɦəʔ
榼	ɦəʔ
𧛾	ɦəʔ
核	ɦəʔ
闔	ɦəʔ
害	ɦəʔ
暗	ẽ
安	ẽ
鞍	ẽ
菴	ẽ
諳	ẽ
闇	ẽ
黯	ẽ
按	ẽ
案	ẽ
堷	ẽ
盫	ẽ
汗	ɦẽ
含	ɦẽ
涵	ɦẽ
頇	ɦẽ
寒	ɦẽ
翰	ɦẽ
韓	ɦẽ
旱	ɦẽ
菡	ɦẽ
頷	ɦẽ
悍	ɦẽ
釬	ɦẽ
瀚	ɦẽ
捍	ɦẽ
馯	ɦẽ
𢃗	ɦẽ
哻	ɦẽ
恩	əŋ
恆	ɦəŋ
衡	ɦəŋ
痕	ɦəŋ
恨	ɦəŋ
珩	ɦəŋ
蘅	ɦəŋ
莖	ɦəŋ
桁	ɦəŋ
嘔	œy
歐	œy
鷗	œy
甌	œy
傴	œy
漚	œy
毆	œy
謳	œy
饇	œy
䁱	œy
瞘	œy
後	ɦœy
侯	ɦœy
候	ɦœy
猴	ɦœy
喉	ɦœy
厚	ɦœy
后	ɦœy
餱	ɦœy
篌	ɦœy
逅	ɦœy
堠	ɦœy
鯸	ɦœy
法	faʔ
發	faʔ
髮	faʔ
𠵽	faʔ
反	fɛ̃
番	fɛ̃
繙	fɛ̃
翻	fɛ̃
旙	fɛ̃
幡	fɛ̃
返	fɛ̃
販	fɛ̃
汎	fɛ̃
氾	fɛ̃
拚	fɛ̃
飯	fɛ̃
㤆	fɛ̃
弗	fəʔ
勿	fəʔ
咈	fəʔ
拂	fəʔ
艴	fəʔ
怫	fəʔ
彿	fəʔ
茀	fəʔ
紼	fəʔ
袚	fəʔ
黻	fəʔ
綍	fəʔ
芾	fəʔ
㵒	fəʔ
蛂	fəʔ
𩎛	fəʔ
炥	fəʔ
帗	fəʔ
𢂀	fəʔ
分	fəŋ
氛	fəŋ
馚	fəŋ
吩	fəŋ
粉	fəŋ
奮	fəŋ
糞	fəŋ
紛	fəŋ
棻	fəŋ
僨	fəŋ
芬	fəŋ
𦐈	fəŋ
衯	fəŋ
否	fœy
不	fœy
非	fi
霏	fi
妃	fi
飛	fi
腓	fi
匪	fi
菲	fi
棐	fi
榧	fi
翡	fi
費	fi
廢	fi
肺	fi
扉	fi
緋	fi
剕	fi
悱	fi
斐	fi
篚	fi
誹	fi
芾	fi
沸	fi
䉬	fi
𣏕	fi
癈	fi
啡	fi
福	foʔ
幅	foʔ
蝠	foʔ
輻	foʔ
腹	foʔ
馥	foʔ
覆	foʔ
複	foʔ
蝮	foʔ
葍	foʔ
輹	foʔ
㠅	foʔ
𥷱	foʔ
風	foŋ
封	foŋ
豐	foŋ
峯	foŋ
楓	foŋ
蜂	foŋ
瘋	foŋ
烽	foŋ
葑	foŋ
俸	foŋ
諷	foŋ
丰	foŋ
鋒	foŋ
賵	foŋ
莑	foŋ
唪	foŋ
方	fɔŋ
妨	fɔŋ
芳	fɔŋ
坊	fɔŋ
訪	fɔŋ
彷	fɔŋ
紡	fɔŋ
舫	fɔŋ
放	fɔŋ
匚	fɔŋ
鈁	fɔŋ
枋	fɔŋ
昉	fɔŋ
倣	fɔŋ
富	fu
夫	fu
敷	fu
膚	fu
孚	fu
俯	fu
腑	fu
釜	fu
甫	fu
脯	fu
黼	fu
斧	fu
府	fu
撫	fu
付	fu
咐	fu
傅	fu
副	fu
賦	fu
鈇	fu
痡	fu
殕	fu
赴	fu
訃	fu
俘	fu
桴	fu
莩	fu
捬	fu
簠	fu
弣	fu
仆	fu
怤	fu
郛	fu
砆	fu
父	fu
莆	fu
荴	fu
䪔	fu
䯙	fu
憮	fu
𥹃	fu
戤	ɡɛ
軋	ɡaʔ
㽘	ɡaŋ
峧	ɡɑu
搿	ɡəʔ
䦪	ɡəʔ
𪆰	ɡəʔ
個	ɡo
共	ɡoŋ
摜	ɡuɛ̃
葵	ɡue
暌	ɡue
闠	ɡue
簣	ɡue
跪	ɡue
聵	ɡue
瞶	ɡue
揆	ɡue
匱	ɡue
馗	ɡue
蕢	ɡue
潰	ɡue
夔	ɡue
櫃	ɡue
饋	ɡue
逵	ɡue
籄	ɡue
𦆠	ɡue
靧	ɡue
闋	ɡue
䙆	ɡue
湀	ɡue
狂	ɡuɔŋ
跍	ɡu
其	ɟi
期	ɟi
棋	ɟi
琦	ɟi
歧	ɟi
岐	ɟi
旗	ɟi
淇	ɟi
奇	ɟi
褀	ɟi
騎	ɟi
麒	ɟi
祈	ɟi
祇	ɟi
耆	ɟi
忌	ɟi
祁	ɟi
妓	ɟi
蜞	ɟi
圻	ɟi
觭	ɟi
𠲹	ɟi
芪	ɟi
琪	ɟi
萁	ɟi
鬐	ɟi
旂	ɟi
技	ɟi
伎	ɟi
蘄	ɟi
芰	ɟi
跽	ɟi
惎	ɟi
䗁	ɟi
鰭	ɟi
碕	ɟi
剘	ɟi
畸	ɟi
錡	ɟi
笳	ɟia
茄	ɟiɛ̃
臄	ɟiaʔ
噱	ɟiaʔ
醵	ɟiaʔ
强	ɟiaŋ
弜	ɟiaŋ
蔃	ɟiaŋ
弶	ɟiaŋ
橋	ɟiɑu
喬	ɟiɑu
轎	ɟiɑu
荍	ɟiɑu
僑	ɟiɑu
蕎	ɟiɑu
翹	ɟiɑu
撟	ɟiɑu
簥	ɟiɑu
極	ɟɪʔ
及	ɟɪʔ
傑	ɟɪʔ
桀	ɟɪʔ
𤇍	ɟɪʔ
竭	ɟɪʔ
屐	ɟɪʔ
劇	ɟɪʔ
碣	ɟɪʔ
朮	ɟɪʔ
搩	ɟɪʔ
健	ɟĩ
柑	ɟĩ
鉗	ɟĩ
箝	ɟĩ
乾	ɟĩ
儉	ɟĩ
虔	ɟĩ
件	ɟĩ
鍵	ɟĩ
楗	ɟĩ
腱	ɟĩ
鞬	ɟĩ
黔	ɟĩ
鈐	ɟĩ
芡	ɟĩ
攑	ɟĩ
揵	ɟĩ
近	ɟiŋ
擒	ɟiŋ
妗	ɟiŋ
競	ɟiŋ
芹	ɟiŋ
禽	ɟiŋ
饉	ɟiŋ
黥	ɟiŋ
槿	ɟiŋ
僅	ɟiŋ
鯨	ɟiŋ
懃	ɟiŋ
勁	ɟiŋ
觐	ɟiŋ
芩	ɟiŋ
琴	ɟiŋ
堇	ɟiŋ
擎	ɟiŋ
檠	ɟiŋ
勤	ɟiŋ
檎	ɟiŋ
凚	ɟiŋ
癝	ɟiŋ
䋮	ɟiŋ
㮗	ɟiŋ
求	ɟiu
虬	ɟiu
球	ɟiu
俅	ɟiu
臼	ɟiu
⿱卯男	ɟiu
柩	ɟiu
仇	ɟiu
絿	ɟiu
毬	ɟiu
裘	ɟiu
逑	ɟiu
球	ɟiu
艽	ɟiu
厹	ɟiu
桕	ɟiu
舊	ɟiu
咎	ɟiu
觩	ɟiu
脙	ɟiu
具	ɟy
瞿	ɟy
衢	ɟy
劬	ɟy
渠	ɟy
懼	ɟy
拒	ɟy
佢	ɟy
蕖	ɟy
癯	ɟy
翵	ɟy
氍	ɟy
灌	ɟy
蘧	ɟy
巨	ɟy
籧	ɟy
鉅	ɟy
怇	ɟy
窶	ɟy
炬	ɟy
距	ɟy
詎	ɟy
颶	ɟy
璩	ɟy
秬	ɟy
蚷	ɟy
苣	ɟy
磲	ɟy
鸜	ɟy
掘	ɟyɪʔ
崛	ɟyɪʔ
倔	ɟyɪʔ
橛	ɟyɪʔ
𠭴	ɟyɪʔ
𧱝	ɟyɪʔ
亅	ɟyɪʔ
𥏘	ɟyɪʔ
羣	ɟyiŋ
裙	ɟyiŋ
郡	ɟyiŋ
權	ɟỹ
拳	ɟỹ
鬈	ɟỹ
倦	ɟỹ
顴	ɟỹ
惓	ɟỹ
踡	ɟỹ
𨃪	ɟỹ
局	ɟyoʔ
侷	ɟyoʔ
跼	ɟyoʔ
挶	ɟyoʔ
軸	ɟyoʔ
窮	ɟyoŋ
煢	ɟyoŋ
瓊	ɟyoŋ
蛩	ɟyoŋ
筇	ɟyoŋ
睘	ɟyoŋ
邛	ɟyoŋ
蟹	ha
海	hɛ
醢	hɛ
莧	hɛ̃
喊	hɛ̃
嚇	haʔ
哈	haʔ
瞎	haʔ
赫	haʔ
哼	haŋ
好	hɑu
蒿	hɑu
耗	hɑu
薅	hɑu
嗃	hɑu
𤠖	hɑu
黑	həʔ
喝	həʔ
郝	həʔ
潶	həʔ
呷	həʔ
漢	hẽ
酣	hẽ
撼	hẽ
鼾	hẽ
熯	hẽ
蚶	hẽ
龕	hẽ
邯	hẽ
憨	hẽ
暵	hẽ
⿱西干	hẽ
厂	hẽ
旰	hẽ
狠	həŋ
亨	həŋ
㗽	həŋ
擤	həŋ
鱟	hœy
吼	hœy
齁	hœy
𤘽	hœy
火	ho
疴	ho
訶	ho
貨	ho
𩑸	ho
苛	ho
荷	ho
夥	ho
𧬱	ho
呵	ho
霍	hoʔ
涸	hoʔ
壑	hoʔ
藿	hoʔ
臛	hoʔ
攉	hoʔ
癨	hoʔ
矆	hoʔ
烘	hoŋ
哄	hoŋ
汞	hoŋ
嗊	hoŋ
鬨	hoŋ
訇	hoŋ
轟	hoŋ
揈	hoŋ
輷	hoŋ
𢦅	hoŋ
渹	hoŋ
戇	hoŋ
㶹	hoŋ
叿	hoŋ
𩑸	hɔ
蠚	hɔʔ
歪	hua
甩	huɛ̃
儇	huɛ̃
咺	huɛ̃
豁	huaʔ
奯	huaʔ
灰	hue
隳	hue
喙	hue
翽	hue
嘒	hue
賄	hue
燬	hue
譭	hue
麾	hue
翬	hue
誨	hue
諱	hue
虺	hue
卉	hue
晦	hue
毁	hue
徽	hue
輝	hue
暉	hue
悔	hue
揮	hue
𤟤	hue
鞾	hue
喟	hue
虫	hue
忽	huəʔ
笏	huəʔ
惚	huəʔ
寣	huəʔ
姡	huəʔ
剨	huəʔ
䦝	huəʔ
㧾	huəʔ
昏	huəŋ
薨	huəŋ
閽	huəŋ
惽	huəŋ
葷	huəŋ
婚	huəŋ
化	huɔ
譁	huɔ
花	huɔ
况	huɔŋ
貺	huɔŋ
恍	huɔŋ
慌	huɔŋ
謊	huɔŋ
荒	huɔŋ
𥁃	huɔŋ
𨑳	huɔŋ
㡆	huɔŋ
𦃑	huɔŋ
㬻	huɔŋ
俇	huɔŋ
呼	hu
虎	hu
戽	hu
滸	hu
琥	hu
虖	hu
嘑	hu
滹	hu
許	hu
虍	hu
𣶉	hu
歡	hũ
驩	hũ
瘓	hũ
渙	hũ
讙	hũ
煥	hũ
奐	hũ
喚	hũ
喜	çi
希	çi
咥	çi
醯	çi
犧	çi
羲	çi
熹	çi
僖	çi
晞	çi
欷	çi
稀	çi
戯	çi
蟢	çi
嘻	çi
禧	çi
嬉	çi
熈	çi
屭	çi
餼	çi
郗	çi
𪖥	çi
豨	çi
𧕆	çi
唏	çi
駭	çiɛ
獬	çiɛ
謔	çiaʔ
香	çiaŋ
蠁	çiaŋ
曏	çiaŋ
饟	çiaŋ
饗	çiaŋ
嚮	çiaŋ
響	çiaŋ
鄉	çiaŋ
𥿧	çiaŋ
孝	çiɑu
曉	çiɑu
梟	çiɑu
囂	çiɑu
鴞	çiɑu
驍	çiɑu
哮	çiɑu
硣	çiɑu
猇	çiɑu
嘵	çiɑu
虓	çiɑu
枵	çiɑu
歇	çɪʔ
脅	çɪʔ
翕	çɪʔ
吸	çɪʔ
噏	çɪʔ
𨶑	çɪʔ
肸	çɪʔ
歙	çɪʔ
虩	çɪʔ
䦧	çɪʔ
蠍	çɪʔ
𣣉	çɪʔ
赥	çɪʔ
歘	çɪʔ
險	çĩ
幰	çĩ
憲	çĩ
顯	çĩ
嶮	çĩ
獻	çĩ
掀	çĩ
玁	çĩ
軒	çĩ
羴	çĩ
蜆	çĩ
㬎	çĩ
興	çiŋ
歆	çiŋ
邤	çiŋ
欣	çiŋ
馨	çiŋ
釁	çiŋ
訢	çiŋ
劤	çiŋ
鑫	çiŋ
𨐃	çiŋ
臭	çiu
休	çiu
朽	çiu
糗	çiu
𧽒	çiu
貅	çiu
齅	çiu
庥	çiu
咻	çiu
㳜	çiu
鵂	çiu
䛙	çiu
許	çy
吁	çy
鞾	çy
訏	çy
虛	çy
噓	çy
墟	çy
譃	çy
歔	çy
詡	çy
栩	çy
𦰰	çy
姁	çy
煦	çy
于	çy
盱	çy
酗	çy
覷	çy
血	çyɪʔ
熏	çyiŋ
曛	çyiŋ
莙	çyiŋ
燻	çyiŋ
獯	çyiŋ
勳	çyiŋ
訓	çyiŋ
醺	çyiŋ
薫	çyiŋ
纁	çyiŋ
焄	çyiŋ
喧	çỹ
塤	çỹ
諼	çỹ
暄	çỹ
楦	çỹ
萱	çỹ
絢	çỹ
晅	çỹ
諠	çỹ
咺	çỹ
箮	çỹ
𩋢	çỹ
烜	çỹ
畜	çyoʔ
旭	çyoʔ
勗	çyoʔ
倐	çyoʔ
蓄	çyoʔ
䙒	çyoʔ
𩹱	çyoʔ
兄	çyoŋ
凶	çyoŋ
胸	çyoŋ
兇	çyoŋ
洶	çyoŋ
酗	çyoŋ
蝦	çyɔ
襾	çyɔ
罅	çyɔ
煆	çyɔ
𥕕	çyɔ
意	i
伊	i
漪	i
依	i
衣	i
咿	i
㵝	i
椅	i
扆	i
猗	i
倚	i
醫	i
鷖	i
繄	i
裔	i
薏	i
懿	i
瘞	i
噫	i
掎	i
翳	i
縊	i
饐	i
𧕪	i
吓	ia
呀	ia
嗄	ia
野	iɛ
隘	iɛ
約	iaʔ
押	iaʔ
鴨	iaʔ
壓	iaʔ
𩚈	iaʔ
央	iaŋ
秧	iaŋ
鴦	iaŋ
怏	iaŋ
殃	iaŋ
泱	iaŋ
㹧	iaŋ
鞅	iaŋ
詇	iaŋ
要	iɑu
夭	iɑu
妖	iɑu
么	iɑu
吆	iɑu
腰	iɑu
窈	iɑu
徼	iɑu
窅	iɑu
邀	iɑu
葽	iɑu
鷕	iɑu
舀	iɑu
杳	iɑu
夭	iɑu
乙	ɪʔ
謚	ɪʔ
益	ɪʔ
臆	ɪʔ
唈	ɪʔ
邑	ɪʔ
揖	ɪʔ
抑	ɪʔ
憶	ɪʔ
壹	ɪʔ
億	ɪʔ
噎	ɪʔ
挹	ɪʔ
烟	ĩ
蝘	ĩ
奄	ĩ
閹	ĩ
鄢	ĩ
淹	ĩ
醃	ĩ
鵪	ĩ
弇	ĩ
嫌	ĩ
蔫	ĩ
嫣	ĩ
晏	ĩ
宴	ĩ
燕	ĩ
厭	ĩ
咽	ĩ
揜	ĩ
鷃	ĩ
鰋	ĩ
偃	ĩ
胭	ĩ
焉	ĩ
饜	ĩ
俺	ĩ
讌	ĩ
鼹	ĩ
堰	ĩ
魘	ĩ
广	ĩ
菸	ĩ
𣄑	ĩ
䞁	ĩ
腌	ĩ
㛪	ĩ
嚥	ĩ
因	iŋ
音	iŋ
喑	iŋ
𧛑	iŋ
蔭	iŋ
印	iŋ
隱	iŋ
影	iŋ
飲	iŋ
茵	iŋ
鷹	iŋ
嬰	iŋ
蠅	iŋ
膺	iŋ
應	iŋ
慇	iŋ
陰	iŋ
暎	iŋ
姻	iŋ
殷	iŋ
英	iŋ
罌	iŋ
映	iŋ
茚	iŋ
櫽	iŋ
攖	iŋ
裀	iŋ
氤	iŋ
嫈	iŋ
垔	iŋ
湮	iŋ
瑛	iŋ
闉	iŋ
瘖	iŋ
瓔	iŋ
櫻	iŋ
䌥	iŋ
纓	iŋ
鸚	iŋ
鶯	iŋ
嚶	iŋ
蘡	iŋ
癮	iŋ
鑍	iŋ
窨	iŋ
幽	iu
悠	iu
幼	iu
優	iu
耰	iu
麀	iu
黝	iu
呦	iu
攸	iu
憂	iu
滺	iu
惹	ʒɛ
蛇	ʒɛ
社	ʒɛ
十	ʒɪʔ
入	ʒɪʔ
衵	ʒɪʔ
隰	ʒɪʔ
爇	ʒɪʔ
霫	ʒɪʔ
熱	ʒɪʔ
輯	ʒɪʔ
襲	ʒɪʔ
寔	ʒɪʔ
實	ʒɪʔ
集	ʒɪʔ
述	ʒɪʔ
習	ʒɪʔ
術	ʒɪʔ
拾	ʒɪʔ
日	ʒɪʔ
什	ʒɪʔ
戢	ʒɪʔ
䌌	ʒɪʔ
𧐔	ʒɪʔ
人	ʒiŋ
韌	ʒiŋ
蓴	ʒiŋ
閏	ʒiŋ
潤	ʒiŋ
愼	ʒiŋ
順	ʒiŋ
認	ʒiŋ
牣	ʒiŋ
仞	ʒiŋ
腎	ʒiŋ
純	ʒiŋ
紉	ʒiŋ
鶉	ʒiŋ
醇	ʒiŋ
蜃	ʒiŋ
忍	ʒiŋ
淳	ʒiŋ
循	ʒiŋ
漘	ʒiŋ
唇	ʒiŋ
晨	ʒiŋ
宸	ʒiŋ
辰	ʒiŋ
神	ʒiŋ
廵	ʒiŋ
仁	ʒiŋ
儿	ʒiŋ
孰	ʒoʔ
肉	ʒoʔ
塾	ʒoʔ
熟	ʒoʔ
淑	ʒoʔ
屬	ʒoʔ
贖	ʒoʔ
蹃	ʒɔ
逽	ʒɔ
𨵫	ʒɔ
尙	ʒɔŋ
狀	ʒɔŋ
樹	ʒy
女	ʒy
叙	ʒy
顬	ʒy
曙	ʒy
署	ʒy
孺	ʒy
豎	ʒy
緖	ʒy
乳	ʒy
序	ʒy
汝	ʒy
聚	ʒy
嶼	ʒy
嚅	ʒy
儒	ʒy
殊	ʒy
殳	ʒy
洳	ʒy
茹	ʒy
如	ʒy
儲	ʒy
醹	ʒy
擩	ʒy
鱬	ʒy
澍	ʒy
楮	ʒy
𧄔	ʒy
薷	ʒy
櫧	ʒy
鴽	ʒy
善	ʒỹ
贍	ʒỹ
蟬	ʒỹ
嬋	ʒỹ
燃	ʒỹ
然	ʒỹ
船	ʒỹ
禪	ʒỹ
擅	ʒỹ
繕	ʒỹ
膳	ʒỹ
羡	ʒỹ
鱔	ʒỹ
撚	ʒỹ
單	ʒỹ
嬗	ʒỹ
墡	ʒỹ
蟮	ʒỹ
饍	ʒỹ
卡	kʰa
隔	kaʔ
格	kaʔ
槅	kaʔ
翮	kaʔ
𪄎	kaʔ
鬲	kaʔ
䛿	kaʔ
𥴩	kaʔ
㾸	kaʔ
膈	kaʔ
客	kʰaʔ
磕	kʰaʔ
瞌	kʰaʔ
喀	kʰaʔ
碦	kʰaʔ
揢	kʰaʔ
稉	kaŋ
坑	kʰaŋ
高	kɑu
羔	kɑu
杲	kɑu
櫜	kɑu
糕	kɑu
臯	kɑu
橰	kɑu
篙	kɑu
誥	kɑu
吿	kɑu
稿	kɑu
膏	kɑu
鼛	kɑu
皜	kɑu
藁	kɑu
窖	kɑu
考	kʰɑu
尻	kʰɑu
拷	kʰɑu
靠	kʰɑu
槁	kʰɑu
栲	kʰɑu
熇	kʰɑu
犒	kʰɑu
改	kɛ
漑	kɛ
丐	kɛ
垓	kɛ
概	kɛ
蓋	kɛ
該	kɛ
賅	kɛ
侅	kɛ
胲	kɛ
匄	kɛ
荄	kɛ
開	kʰɛ
闓	kʰɛ
鎧	kʰɛ
愾	kʰɛ
慨	kʰɛ
凱	kʰɛ
嘅	kʰɛ
𨢉	kʰɛ
磑	kʰɛ
剴	kʰɛ
欬	kʰɛ
䤤	kʰɛ
愷	kʰɛ
䐩	kʰɛ
豈	kʰɛ
尶	kɛ̃
鹼	kɛ̃
減	kɛ̃
堪	kʰɛ̃
刊	kʰɛ̃
嵌	kʰɛ̃
鉛	kʰɛ̃
扻	kʰɛ̃
坎	kʰɛ̃
砍	kʰɛ̃
侃	kʰɛ̃
勘	kʰɛ̃
磡	kʰɛ̃
瞰	kʰɛ̃
闞	kʰɛ̃
欿	kʰɛ̃
惂	kʰɛ̃
凵	kʰɛ̃
嵁	kʰɛ̃
輡	kʰɛ̃
掐	kʰɛ̃
割	kəʔ
蛤	kəʔ
鴿	kəʔ
革	kəʔ
葛	kəʔ
合	kəʔ
𢯹	kəʔ
緙	kəʔ
愅	kəʔ
儑	kəʔ
𡀾	kəʔ
㗆	kəʔ
轕	kəʔ
刻	kʰəʔ
渴	kʰəʔ
剋	kʰəʔ
克	kʰəʔ
峇	kʰəʔ
嵑	kʰəʔ
𦊪	kʰəʔ
干	kẽ
杆	kẽ
泔	kẽ
紺	kẽ
榦	kẽ
橄	kẽ
稈	kẽ
玕	kẽ
柑	kẽ
疳	kẽ
幹	kẽ
感	kẽ
敢	kẽ
桿	kẽ
趕	kẽ
甘	kẽ
竿	kẽ
肝	kẽ
乾	kẽ
𢁗	kẽ
淦	kẽ
看	kʰẽ
根	kəŋ
哽	kəŋ
亘	kəŋ
熲	kəŋ
鯁	kəŋ
綆	kəŋ
㾘	kəŋ
梗	kəŋ
粳	kəŋ
庚	kəŋ
耕	kəŋ
更	kəŋ
艮	kəŋ
耿	kəŋ
跟	kəŋ
賡	kəŋ
羹	kəŋ
鶊	kəŋ
肯	kʰəŋ
齦	kʰəŋ
掯	kʰəŋ
鏗	kʰəŋ
慳	kʰəŋ
墾	kʰəŋ
懇	kʰəŋ
硜	kʰəŋ
㰢	kʰəŋ
啃	kʰəŋ
苟	kœy
溝	kœy
覯	kœy
遘	kœy
姤	kœy
搆	kœy
構	kœy
媾	kœy
詬	kœy
夠	kœy
彀	kœy
耉	kœy
垢	kœy
笱	kœy
篝	kœy
鉤	kœy
購	kœy
狗	kœy
勾	kœy
䐟	kœy
傋	kœy
䝭	kœy
口	kʰœy
叩	kʰœy
釦	kʰœy
鷇	kʰœy
扣	kʰœy
宼	kʰœy
蔻	kʰœy
簆	kʰœy
摳	kʰœy
果	ko
戈	ko
哥	ko
歌	ko
鍋	ko
柯	ko
過	ko
菓	ko
粿	ko
裹	ko
蜾	ko
个	ko
棵	ko
𪃿	ko
可	kʰo
窠	kʰo
科	kʰo
顆	kʰo
課	kʰo
蝌	kʰo
軻	kʰo
珂	kʰo
薖	kʰo
哿	kʰo
坷	kʰo
舸	kʰo
國	koʔ
幗	koʔ
膕	koʔ
谷	koʔ
郭	koʔ
閣	koʔ
穀	koʔ
擱	koʔ
咯	koʔ
槨	koʔ
梏	koʔ
閤	koʔ
鵠	koʔ
轂	koʔ
榖	koʔ
䐨	koʔ
瀫	koʔ
哭	kʰoʔ
嚳	kʰoʔ
鞟	kʰoʔ
擴	kʰoʔ
廓	kʰoʔ
霩	kʰoʔ
窖	kʰoʔ
公	koŋ
工	koŋ
弓	koŋ
功	koŋ
供	koŋ
宮	koŋ
恭	koŋ
躬	koŋ
攻	koŋ
拱	koŋ
貢	koŋ
蚣	koŋ
肱	koŋ
觥	koŋ
龔	koŋ
鞏	koŋ
贛	koŋ
廾	koŋ
䰸	koŋ
妐	koŋ
孔	kʰoŋ
恐	kʰoŋ
控	kʰoŋ
空	kʰoŋ
倥	kʰoŋ
鞚	kʰoŋ
涳	kʰoŋ
悾	kʰoŋ
各	kɔʔ
𣫀	kɔʔ
売	kʰɔʔ
酷	kʰɔʔ
牿	kʰɔʔ
扛	kɔŋ
杠	kɔŋ
豇	kɔŋ
缸	kɔŋ
岡	kɔŋ
鋼	kɔŋ
綱	kɔŋ
剛	kɔŋ
罡	kɔŋ
港	kɔŋ
牨	kɔŋ
肛	kɔŋ
釭	kɔŋ
疘	kɔŋ
矼	kɔŋ
康	kʰɔŋ
糠	kʰɔŋ
慷	kʰɔŋ
亢	kʰɔŋ
抗	kʰɔŋ
囥	kʰɔŋ
吭	kʰɔŋ
匟	kʰɔŋ
肮	kʰɔŋ
忼	kʰɔŋ
骯	kʰɔŋ
䴚	kʰɔŋ
沆	kʰɔŋ
魧	kʰɔŋ
䭺	kʰɔŋ
㰠	kʰɔŋ
閌	kʰɔŋ
躿	kʰɔŋ
官	kũ
冠	kũ
棺	kũ
管	kũ
館	kũ
貫	kũ
灌	kũ
罐	kũ
觀	kũ
痯	kũ
琯	kũ
盥	kũ
爟	kũ
雚	kũ
𥷬	kũ
貛	kũ
輨	kũ
䩪	kũ
錧	kũ
鑵	kũ
倌	kũ
鸛	kũ
寬	kʰũ
欵	kʰũ
窾	kʰũ
拐	kua
柺	kua
箉	kua
快	kʰua
怪	kuɛ
乖	kuɛ
夬	kuɛ
䃶	kuɛ
噲	kʰuɛ
蒯	kʰuɛ
括	kuaʔ
刮	kuaʔ
佸	kuaʔ
䀨	kuaʔ
馘	kuaʔ
摑	kuaʔ
蛞	kuaʔ
适	kuaʔ
䂸	kuaʔ
𣸅	kuaʔ
頢	kuaʔ
𦑜	kuaʔ
關	kuɛ̃
瘝	kuɛ̃
慣	kuɛ̃
𩻴	kuɛ̃
丱	kuɛ̃
筷	kʰuɛ̃
貴	kue
歸	kue
圭	kue
規	kue
閨	kue
龜	kue
瑰	kue
癸	kue
晷	kue
詭	kue
劊	kue
膾	kue
鱠	kue
桂	kue
嬀	kue
愧	kue
邽	kue
薈	kue
眭	kue
匭	kue
佹	kue
隗	kue
垝	kue
鬼	kue
宄	kue
軌	kue
簋	kue
儈	kue
檜	kue
巋	kue
蘬	kue
澮	kue
獪	kue
癐	kue
筀	kue
會	kue
跬	kue
頍	kue
虧	kʰue
塊	kʰue
魁	kʰue
盔	kʰue
窺	kʰue
奎	kʰue
恢	kʰue
詼	kʰue
磈	kʰue
⿰米鬼	kʰue
刲	kʰue
傀	kʰue
溾	kʰue
𩏣	kʰue
骨	kuəʔ
榾	kuəʔ
汩	kuəʔ
縎	kuəʔ
搰	kuəʔ
鶻	kuəʔ
闊	kʰuəʔ
窟	kʰuəʔ
䯇	kʰuəʔ
滾	kuəŋ
棍	kuəŋ
崑	kuəŋ
鯤	kuəŋ
焜	kuəŋ
衮	kuəŋ
鯀	kuəŋ
昆	kuəŋ
褌	kuəŋ
琨	kuəŋ
丨	kuəŋ
坤	kʰuəŋ
壼	kʰuəŋ
髠	kʰuəŋ
捆	kʰuəŋ
困	kʰuəŋ
睏	kʰuəŋ
閫	kʰuəŋ
綑	kʰuəŋ
裍	kʰuəŋ
梱	kʰuəŋ
𦄐	kʰuəŋ
挂	kuɔ
瓜	kuɔ
寡	kuɔ
罣	kuɔ
褂	kuɔ
剮	kuɔ
卦	kuɔ
詿	kuɔ
撾	kuɔ
誇	kʰuɔ
夸	kʰuɔ
胯	kʰuɔ
跨	kʰuɔ
踝	kʰuɔ
𩊓	kʰuɔ
光	kuɔŋ
胱	kuɔŋ
洸	kuɔŋ
廣	kuɔŋ
晃	kuɔŋ
姯	kuɔŋ
硄	kuɔŋ
輄	kuɔŋ
幌	kuɔŋ
僙	kuɔŋ
曠	kʰuɔŋ
匡	kʰuɔŋ
筐	kʰuɔŋ
鑛	kʰuɔŋ
眶	kʰuɔŋ
劻	kʰuɔŋ
壙	kʰuɔŋ
恇	kʰuɔŋ
洭	kʰuɔŋ
框	kʰuɔŋ
古	ku
姑	ku
孤	ku
鼓	ku
辜	ku
鴣	ku
估	ku
股	ku
臌	ku
咕	ku
固	ku
故	ku
僱	ku
顧	ku
沽	ku
胍	ku
蛄	ku
菇	ku
觚	ku
罛	ku
笟	ku
牯	ku
菰	ku
𦊙	ku
賈	ku
瞽	ku
羖	ku
詁	ku
蠱	ku
錮	ku
痼	ku
𧛂	ku
鈷	ku
嘏	ku
苦	kʰu
褲	kʰu
骷	kʰu
刳	kʰu
枯	kʰu
庫	kʰu
箍	kʰu
秙	kʰu
幾	ci
肌	ci
雞	ci
譏	ci
饑	ci
基	ci
磯	ci
璣	ci
機	ci
箕	ci
羈	ci
几	ci
已	ci
季	ci
記	ci
計	ci
罽	ci
曁	ci
寄	ci
綦	ci
畿	ci
彐	ci
旣	ci
蘮	ci
驥	ci
薊	ci
剞	ci
庋	ci
繼	ci
冀	ci
笄	ci
朞	ci
嵇	ci
飢	ci
枅	ci
魕	ci
洎	ci
悸	ci
紀	ci
𠮯	ci
藄	ci
其	ci
姬	ci
稽	ci
嘰	ci
乩	ci
麂	ci
旡	ci
𠼻	ci
圯	cʰi
氣	cʰi
綺	cʰi
覬	cʰi
豈	cʰi
欺	cʰi
溪	cʰi
起	cʰi
啟	cʰi
杞	cʰi
契	cʰi
棄	cʰi
器	cʰi
崎	cʰi
揭	cʰi
蟿	cʰi
愒	cʰi
亟	cʰi
企	cʰi
綮	cʰi
芑	cʰi
气	cʰi
鸂	cʰi
屺	cʰi
䀘	cʰi
甲	ciaʔ
脚	ciaʔ
胛	ciaʔ
夾	ciaʔ
筴	ciaʔ
莢	ciaʔ
鋏	ciaʔ
峽	ciaʔ
袷	ciaʔ
頰	ciaʔ
篋	ciaʔ
浹	ciaʔ
玾	ciaʔ
𥑐	ciaʔ
鉀	ciaʔ
硤	ciaʔ
戛	ciaʔ
嘎	ciaʔ
却	cʰiaʔ
恰	cʰiaʔ
怯	cʰiaʔ
愜	cʰiaʔ
姜	ciaŋ
繮	ciaŋ
薑	ciaŋ
疆	ciaŋ
僵	ciaŋ
殭	ciaŋ
畺	ciaŋ
腔	cʰiaŋ
羌	cʰiaŋ
蜣	cʰiaŋ
强	cʰiaŋ
𪁸	cʰiaŋ
鏹	cʰiaŋ
繦	cʰiaŋ
教	ciɑu
驕	ciɑu
嬌	ciɑu
蛟	ciɑu
交	ciɑu
澆	ciɑu
狡	ciɑu
矯	ciɑu
姣	ciɑu
校	ciɑu
較	ciɑu
呌	ciɑu
茭	ciɑu
郊	ciɑu
艽	ciɑu
鮫	ciɑu
嘐	ciɑu
膠	ciɑu
餃	ciɑu
僥	ciɑu
鵁	ciɑu
㽲	ciɑu
佼	ciɑu
皎	ciɑu
酵	ciɑu
覺	ciɑu
攪	ciɑu
珓	ciɑu
噭	ciɑu
徼	ciɑu
繳	ciɑu
皦	ciɑu
鉸	ciɑu
絞	ciɑu
齩	ciɑu
𥦖	ciɑu
䘨	ciɑu
巧	cʰiɑu
竅	cʰiɑu
蹺	cʰiɑu
敲	cʰiɑu
磽	cʰiɑu
䃝	cʰiɑu
蹻	cʰiɑu
趬	cʰiɑu
𠿕	cʰiɑu
戒	ciɛ
皆	ciɛ
屆	ciɛ
誡	ciɛ
喈	ciɛ
偕	ciɛ
階	ciɛ
介	ciɛ
价	ciɛ
蚧	ciɛ
玠	ciɛ
芥	ciɛ
疥	ciɛ
界	ciɛ
街	ciɛ
解	ciɛ
薢	ciɛ
魪	ciɛ
吤	ciɛ
尬	ciɛ
骱	ciɛ
揩	cʰiɛ
楷	cʰiɛ
急	cɪʔ
吉	cɪʔ
㓤	cɪʔ
拮	cɪʔ
級	cɪʔ
㦸	cɪʔ
揭	cɪʔ
結	cɪʔ
給	cɪʔ
潔	cɪʔ
擊	cɪʔ
汲	cɪʔ
激	cɪʔ
棘	cɪʔ
孑	cɪʔ
岌	cɪʔ
笈	cɪʔ
伋	cɪʔ
扱	cɪʔ
蛣	cɪʔ
芨	cɪʔ
羯	cɪʔ
黠	cɪʔ
蝎	cɪʔ
絜	cɪʔ
圾	cɪʔ
姞	cɪʔ
咭	cɪʔ
佶	cɪʔ
詰	cɪʔ
桔	cɪʔ
跲	cɪʔ
訐	cɪʔ
亟	cɪʔ
刼	cɪʔ
殛	cɪʔ
襋	cɪʔ
髻	cɪʔ
𩑕	cɪʔ
砝	cɪʔ
馺	cɪʔ
趿	cɪʔ
靸	cɪʔ
𩾶	cɪʔ
乞	cʰɪʔ
吃	cʰɪʔ
迄	cʰɪʔ
訖	cʰɪʔ
泣	cʰɪʔ
綌	cʰɪʔ
契	cʰɪʔ
隙	cʰɪʔ
恝	cʰɪʔ
朅	cʰɪʔ
挈	cʰɪʔ
掣	cʰɪʔ
犵	cʰɪʔ
劼	cʰɪʔ
疙	cʰɪʔ
見	cĩ
肩	cĩ
兼	cĩ
堅	cĩ
繭	cĩ
簡	cĩ
建	cĩ
劍	cĩ
諫	cĩ
鑒	cĩ
澗	cĩ
奸	cĩ
姦	cĩ
菅	cĩ
間	cĩ
癎	cĩ
監	cĩ
蒹	cĩ
緘	cĩ
艱	cĩ
柬	cĩ
檢	cĩ
鹻	cĩ
揀	cĩ
覸	cĩ
筧	cĩ
𥀹	cĩ
⿱代石	cĩ
掮	cĩ
尶	cĩ
襇	cĩ
鐧	cĩ
謙	cʰĩ
牽	cʰĩ
遣	cʰĩ
蹇	cʰĩ
謇	cʰĩ
欠	cʰĩ
愆	cʰĩ
搴	cʰĩ
鶱	cʰĩ
褰	cʰĩ
騫	cʰĩ
艦	cʰĩ
繾	cʰĩ
慊	cʰĩ
嗛	cʰĩ
檻	cʰĩ
歉	cʰĩ
譴	cʰĩ
𨇥	cʰĩ
縴	cʰĩ
經	ciŋ
巾	ciŋ
今	ciŋ
京	ciŋ
金	ciŋ
觔	ciŋ
荊	ciŋ
涇	ciŋ
驚	ciŋ
矜	ciŋ
景	ciŋ
境	ciŋ
緊	ciŋ
錦	ciŋ
頸	ciŋ
謹	ciŋ
儆	ciŋ
脛	ciŋ
徑	ciŋ
竟	ciŋ
禁	ciŋ
敬	ciŋ
鏡	ciŋ
衿	ciŋ
襟	ciŋ
噤	ciŋ
逕	ciŋ
獍	ciŋ
兢	ciŋ
筋	ciŋ
錱	ciŋ
陘	ciŋ
輕	cʰiŋ
卿	cʰiŋ
衾	cʰiŋ
欽	cʰiŋ
傾	cʰiŋ
頃	cʰiŋ
慶	cʰiŋ
搇	cʰiŋ
嶔	cʰiŋ
㷫	cʰiŋ
謦	cʰiŋ
磬	cʰiŋ
罄	cʰiŋ
菳	cʰiŋ
救	ciu
鬮	ciu
鳩	ciu
廐	ciu
灸	ciu
糾	ciu
赳	ciu
樛	ciu
疚	ciu
玖	ciu
究	ciu
韭	ciu
久	ciu
九	ciu
邱	cʰiu
蚯	cʰiu
𥫷	cʰiu
句	cy
矩	cy
据	cy
駒	cy
椐	cy
拘	cy
居	cy
舉	cy
屨	cy
瞿	cy
鋸	cy
踞	cy
痀	cy
筥	cy
莒	cy
蒟	cy
踽	cy
枸	cy
裾	cy
琚	cy
俱	cy
車	cy
遽	cy
據	cy
𧄒	cy
柜	cy
鮈	cy
澽	cy
齲	cy
鴝	cy
硨	cy
齣	cy
去	cʰy
區	cʰy
樞	cʰy
軀	cʰy
驅	cʰy
袪	cʰy
姝	cʰy
摴	cʰy
嶇	cʰy
祛	cʰy
嫗	cʰy
彄	cʰy
決	cyɪʔ
抉	cyɪʔ
訣	cyɪʔ
厥	cyɪʔ
橘	cyɪʔ
蹶	cyɪʔ
譎	cyɪʔ
玦	cyɪʔ
觖	cyɪʔ
鴃	cyɪʔ
蕨	cyɪʔ
獗	cyɪʔ
觼	cyɪʔ
夬	cyɪʔ
菊	cyɪʔ
缺	cʰyɪʔ
屈	cʰyɪʔ
闕	cʰyɪʔ
詘	cʰyɪʔ
均	cyiŋ
君	cyiŋ
鈞	cyiŋ
軍	cyiŋ
皸	cyiŋ
莙	cyiŋ
窘	cʰyiŋ
麕	cʰyiŋ
囷	cʰyiŋ
攟	cʰyiŋ
輑	cʰyiŋ
㻒	cʰyiŋ
𠲰	cʰyiŋ
菌	cʰyiŋ
捐	cỹ
蜎	cỹ
蠲	cỹ
捲	cỹ
卷	cỹ
眷	cỹ
絹	cỹ
𩜇	cỹ
娟	cỹ
涓	cỹ
鵑	cỹ
狷	cỹ
睊	cỹ
羂	cỹ
縳	cỹ
婘	cỹ
勸	cʰỹ
圈	cʰỹ
棬	cʰỹ
犬	cʰỹ
券	cʰỹ
畎	cʰỹ
綣	cʰỹ
埍	cʰỹ
桊	cʰỹ
弮	cʰỹ
鞠	cyoʔ
掬	cyoʔ
踘	cyoʔ
菊	cyoʔ
角	cyoʔ
鞫	cyoʔ
矍	cyoʔ
攫	cyoʔ
桷	cyoʔ
𧅚	cyoʔ
𤔩	cyoʔ
钁	cyoʔ
欔	cyoʔ
婅	cyoʔ
戄	cyoʔ
貜	cyoʔ
籰	cyoʔ
淗	cyoʔ
毱	cyoʔ
䱡	cyoʔ
屩	cyoʔ
曲	cʰyoʔ
躩	cʰyoʔ
恪	cʰyoʔ
慤	cʰyoʔ
麯	cʰyoʔ
䕮	cʰyoʔ
蛐	cʰyoʔ
迥	cyoŋ
坰	cyoŋ
炯	cyoŋ
駉	cyoŋ
扃	cyoŋ
敻	cyoŋ
冢	cyoŋ
塚	cyoŋ
褧	cyoŋ
冂	cyoŋ
穹	cʰyoŋ
芎	cʰyoŋ
嘉	cyɔ
加	cyɔ
價	cyɔ
稼	cyɔ
斝	cyɔ
駕	cyɔ
㗎	cyɔ
架	cyɔ
假	cyɔ
檟	cyɔ
賈	cyɔ
耞	cyɔ
麚	cyɔ
瘕	cyɔ
家	cyɔ
跏	cyɔ
葭	cyɔ
嫁	cyɔ
痂	cyɔ
佳	cyɔ
迦	cyɔ
珈	cyɔ
豭	cyɔ
袈	cyɔ
傢	cyɔ
咖	cyɔ
覺	cyɔʔ
䮸	cyɔʔ
確	cʰyɔʔ
礐	cʰyɔʔ
燩	cʰyɔʔ
降	cyɔŋ
講	cyɔŋ
江	cyɔŋ
洚	cyɔŋ
絳	cyɔŋ
𥬮	cyɔŋ
茳	cyɔŋ
賴	la
嬾	la
蠟	laʔ
拉	laʔ
辣	laʔ
臘	laʔ
𠲋	laʔ
剌	laʔ
擸	laʔ
鑞	laʔ
邋	laʔ
啦	laʔ
喇	laʔ
垃	laʔ
爉	laʔ
瘌	laʔ
老	lɑu
牢	lɑu
勞	lɑu
撈	lɑu
癆	lɑu
醪	lɑu
澇	lɑu
栳	lɑu
潦	lɑu
嫪	lɑu
𤶁	lɑu
𤎤	lɑu
咾	lɑu
嘮	lɑu
恅	lɑu
蟧	lɑu
嘮	ʔlɑu
來	lɛ
萊	lɛ
唻	lɛ
騋	lɛ
徠	lɛ
睞	lɛ
賚	lɛ
藍	lɛ̃
蘭	lɛ̃
欄	lɛ̃
攔	lɛ̃
籃	lɛ̃
覽	lɛ̃
攬	lɛ̃
爛	lɛ̃
欖	lɛ̃
濫	lɛ̃
纜	lɛ̃
闌	lɛ̃
瀾	lɛ̃
斕	lɛ̃
㘓	lɛ̃
嵐	lɛ̃
𨅏	lɛ̃
懶	lɛ̃
賴	lɛ̃
襤	lɛ̃
襰	lɛ̃
癩	lɛ̃
懢	lɛ̃
瀬	lɛ̃
籟	lɛ̃
壏	lɛ̃
襴	lɛ̃
讕	lɛ̃
雷	le
擂	le
累	le
儡	le
類	le
攂	le
虆	le
纍	le
縲	le
罍	le
𧒜	le
壘	le
蕾	le
癗	le
誄	le
瘰	le
耒	le
礧	le
磊	le
淚	le
酹	le
纇	le
羸	le
藟	le
屢	le
勒	ləʔ
仂	ləʔ
肋	ləʔ
埒	ləʔ
捋	ləʔ
艻	ləʔ
竻	ləʔ
𩛝	ləʔ
䮑	ləʔ
氻	ləʔ
蛶	ləʔ
䟹	ləʔ
扐	ləʔ
泐	ləʔ
鰳	ləʔ
論	ləŋ
圇	ləŋ
崙	ləŋ
綸	ləŋ
輪	ləŋ
淪	ləŋ
倫	ləŋ
䑳	ləŋ
掄	ləŋ
冷	ləŋ
棱	ləŋ
蜦	ləŋ
樓	lœy
婁	lœy
蔞	lœy
螻	lœy
髏	lœy
簍	lœy
僂	lœy
陋	lœy
漏	lœy
摟	lœy
塿	lœy
鏤	lœy
瘻	ʔlœy
艛	ʔlœy
瘺	ʔlœy
里	li
犁	li
黧	li
梨	li
褵	li
蜊	li
狸	li
梩	li
釐	li
嫠	li
閭	li
櫚	li
漓	li
罹	li
離	li
籬	li
璃	li
黎	li
藜	li
鸝	li
李	li
慮	li
隸	li
濿	li
鑢	li
糲	li
礪	li
蠣	li
癘	li
厲	li
詈	li
唳	li
戾	li
涖	li
蒞	li
荔	li
俚	li
莉	li
理	li
娌	li
裏	li
鯉	li
禮	li
呂	li
吏	li
利	li
例	li
俐	li
痢	li
儷	li
勵	li
麗	li
蠡	li
侶	li
履	li
濾	li
哩	li
邐	li
醴	li
旅	li
縷	li
膂	li
蔞	li
蜧	li
澧	li
筣	li
漦	li
𥷗	li
銐	li
褸	li
誗	li
捩	li
唎	li
篱	li
鱺	li
畧	liaʔ
掠	liaʔ
鱲	liaʔ
獵	liaʔ
躐	liaʔ
鬣	liaʔ
良	liaŋ
涼	liaŋ
梁	liaŋ
樑	liaŋ
糧	liaŋ
兩	liaŋ
量	liaŋ
亮	liaŋ
輛	liaŋ
諒	liaŋ
粱	liaŋ
倆	liaŋ
魎	liaŋ
㾗	liaŋ
喨	liaŋ
裲	liaŋ
䠃	liaŋ
晾	liaŋ
了	liɑu
聊	liɑu
寥	liɑu
僚	liɑu
嫽	liɑu
鷯	liɑu
鐐	liɑu
遼	liɑu
燎	liɑu
繚	liɑu
料	liɑu
廖	liɑu
療	liɑu
瞭	liɑu
蓼	liɑu
撩	liɑu
憭	liɑu
膫	liɑu
嘹	liɑu
佬	liɑu
寮	liɑu
𢿞	liɑu
𨣀	liɑu
釕	liɑu
䩍	liɑu
𣩢	liɑu
力	lɪʔ
立	lɪʔ
列	lɪʔ
洌	lɪʔ
律	lɪʔ
笠	lɪʔ
栗	lɪʔ
烈	lɪʔ
粒	lɪʔ
裂	lɪʔ
凓	lɪʔ
厯	lɪʔ
𤁋	lɪʔ
癧	lɪʔ
靂	lɪʔ
櫪	lɪʔ
曆	lɪʔ
慄	lɪʔ
捩	lɪʔ
轢	lɪʔ
櫟	lɪʔ
礫	lɪʔ
躒	lɪʔ
茢	lɪʔ
冽	lɪʔ
笠	lɪʔ
劣	lɪʔ
蒚	lɪʔ
𧊐	lɪʔ
𨫏	lɪʔ
𩧂	lɪʔ
鳨	lɪʔ
朸	lɪʔ
䟏	lɪʔ
𭩶	lɪʔ
連	lĩ
帘	lĩ
奩	lĩ
漣	lĩ
蓮	lĩ
鏈	lĩ
廉	lĩ
憐	lĩ
聯	lĩ
殮	lĩ
鍊	lĩ
戀	lĩ
練	lĩ
斂	lĩ
臉	lĩ
璉	lĩ
簾	lĩ
鰱	lĩ
鐮	lĩ
楝	lĩ
瀲	lĩ
孿	lĩ
孌	lĩ
蘞	lĩ
攣	lĩ
𩼔	lĩ
湅	lĩ
槤	lĩ
輦	lĩ
𢅏	lĩ
摙	lĩ
㾾	lĩ
縺	lĩ
臁	lĩ
褳	lĩ
林	liŋ
伶	liŋ
玲	liŋ
苓	liŋ
瓴	liŋ
陵	liŋ
蛉	liŋ
淋	liŋ
羚	liŋ
翎	liŋ
菱	liŋ
鈴	liŋ
領	liŋ
鴒	liŋ
霖	liŋ
臨	liŋ
鱗	liŋ
齡	liŋ
麟	liŋ
靈	liŋ
鄰	liŋ
凛	liŋ
嶺	liŋ
另	liŋ
令	liŋ
藺	liŋ
吝	liŋ
躪	liŋ
懔	liŋ
燐	liŋ
遴	liŋ
欞	liŋ
綾	liŋ
凌	liŋ
軨	liŋ
零	liŋ
囹	liŋ
聆	liŋ
拎	liŋ
㩕	liŋ
泠	liŋ
痳	liŋ
籀	liu
流	liu
劉	liu
留	liu
榴	liu
硫	liu
瘤	liu
柳	liu
旒	liu
溜	liu
騮	liu
遛	liu
琉	liu
飀	liu
瀏	liu
綹	liu
霤	liu
⿰糹柳	liu
鶹	liu
羅	lo
籮	lo
鑼	lo
騾	lo
螺	lo
蔂	lo
囉	lo
卵	lo
㤻	lo
婐	lo
裸	lo
蠃	lo
虜	lo
擄	lo
邏	lo
蘿	lo
𤓲	lo
𨇽	lo
攞	lo
綠	loʔ
六	loʔ
洛	loʔ
烙	loʔ
鹿	loʔ
陸	loʔ
絡	loʔ
祿	loʔ
碌	loʔ
樂	loʔ
駱	loʔ
騄	loʔ
菉	loʔ
錄	loʔ
甪	loʔ
珞	loʔ
酪	loʔ
簏	loʔ
僇	loʔ
骼	loʔ
麓	loʔ
逯	loʔ
轆	loʔ
磟	loʔ
籙	loʔ
蓼	loʔ
輅	loʔ
螰	loʔ
衉	loʔ
䎊	loʔ
𬆚	loʔ
醁	loʔ
咯	loʔ
漉	loʔ
熝	loʔ
胳	loʔ
䟿	loʔ
龍	loŋ
隆	loŋ
嚨	loŋ
瓏	loŋ
礱	loŋ
聾	loŋ
籠	loŋ
攏	loŋ
弄	loŋ
衖	loŋ
蘢	loŋ
隴	loŋ
癃	loŋ
壟	loŋ
朧	loŋ
竉	loŋ
哢	loŋ
驡	loŋ
瀧	loŋ
躘	loŋ
𪚘	loŋ
贚	loŋ
衕	loŋ
霳	loŋ
落	lɔʔ
盝	lɔʔ
戮	lɔʔ
浪	lɔŋ
郎	lɔŋ
榔	lɔŋ
螂	lɔŋ
廊	lɔŋ
朗	lɔŋ
狼	lɔŋ
琅	lɔŋ
㫰	lɔŋ
稂	lɔŋ
莨	lɔŋ
筤	lɔŋ
閬	lɔŋ
躴	lɔŋ
亂	lø̃
鑾	lø̃
鸞	lø̃
巒	lø̃
欒	lø̃
臠	lø̃
孌	lø̃
路	lu
蘆	lu
鑪	lu
艫	lu
鱸	lu
獹	lu
鹵	lu
滷	lu
嚕	lu
櫓	lu
魯	lu
露	lu
鷺	lu
瀘	lu
廬	lu
簬	lu
輅	lu
籚	lu
璐	lu
穭	lu
磠	lu
驢	lu
臚	lu
顱	lu
轤	lu
鸕	lu
賂	lu
罏	lu
蠦	lu
鏴	lu
潞	lu
嚧	lu
𡀔	lu
拇	m
姆	m
胟	m
毑	m
𧿹	m
嘸	ʔm
賣	ma
買	mɛ
埋	mɛ
霾	mɛ
薶	mɛ
嘪	ʔmɛ
麥	maʔ
脈	maʔ
陌	maʔ
衇	maʔ
貃	maʔ
霢	maʔ
襪	maʔ
驀	maʔ
鉑	maʔ
蛨	maʔ
蜢	maŋ
猛	maŋ
毛	mɑu
茅	mɑu
卯	mɑu
芼	mɑu
冒	mɑu
帽	mɑu
貌	mɑu
眊	mɑu
昴	mɑu
旄	mɑu
髦	mɑu
媢	mɑu
耄	mɑu
䭷	mɑu
萺	mɑu
牦	mɑu
慢	mɛ̃
漫	mɛ̃
邁	mɛ̃
曼	mɛ̃
幔	mɛ̃
墁	mɛ̃
蔓	mɛ̃
縵	mɛ̃
蠻	mɛ̃
勱	mɛ̃
㙢	mɛ̃
嫚	mɛ̃
鏝	mɛ̃
鬘	mɛ̃
美	me
梅	me
枚	me
煤	me
眉	me
每	me
媒	me
妹	me
痗	me
寐	me
昧	me
霉	me
魅	me
眛	me
莓	me
玫	me
沬	me
袂	me
𤦛	me
謎	me
嵋	me
湄	me
楣	me
媚	me
抺	me
𥞊	me
𮔙	me
𪎦	me
𩎟	me
黴	me
溦	me
沒	məʔ
末	məʔ
默	məʔ
殁	məʔ
抹	məʔ
沫	məʔ
茉	məʔ
皌	məʔ
莈	məʔ
𥬎	məʔ
靺	məʔ
𥿉	məʔ
貃	məʔ
陌	məʔ
浼	mẽ
門	məŋ
們	məŋ
捫	məŋ
悶	məŋ
氓	məŋ
蝱	məŋ
孟	məŋ
萌	məŋ
亹	məŋ
菛	məŋ
𤅣	məŋ
𠵘	məŋ
濷	məŋ
燜	məŋ
𦁧	məŋ
謀	mœy
牟	mœy
侔	mœy
眸	mœy
牡	mœy
畝	mœy
茂	mœy
鄮	mœy
蛑	mœy
矛	mœy
母	mœy
懋	mœy
鍪	mœy
髳	mœy
蟊	mœy
袤	mœy
麰	mœy
貿	mœy
鴾	mœy
䋷	mœy
㮘	mœy
瞀	mœy
楙	mœy
裦	mœy
𧉯	mœy
米	mi
迷	mi
麋	mi
彌	mi
糜	mi
瀰	mi
獼	mi
靡	mi
乜	mi
敉	mi
咪	mi
縻	mi
麛	mi
弭	mi
眯	mi
哶	mi
𪎭	mi
咪	ʔmi
描	miɑu
苗	miɑu
眇	miɑu
妙	miɑu
渺	miɑu
廟	miɑu
藐	miɑu
吵	miɑu
秒	miɑu
杪	miɑu
錨	miɑu
貓	miɑu
滅	mɪʔ
宓	mɪʔ
蜜	mɪʔ
密	mɪʔ
簚	mɪʔ
覔	mɪʔ
糸	mɪʔ
蔑	mɪʔ
㩢	mɪʔ
衊	mɪʔ
篾	mɪʔ
蠛	mɪʔ
幭	mɪʔ
覕	mɪʔ
㳴	mɪʔ
𥹅	mɪʔ
䁇	mɪʔ
謐	mɪʔ
面	mĩ
綿	mĩ
眠	mĩ
免	mĩ
勉	mĩ
冕	mĩ
緬	mĩ
麵	mĩ
棉	mĩ
鮸	mĩ
眄	mĩ
湎	mĩ
沔	mĩ
宀	mĩ
俛	mĩ
浼	mĩ
蝒	mĩ
絻	mĩ
明	miŋ
名	miŋ
民	miŋ
冥	miŋ
銘	miŋ
鳴	miŋ
茗	miŋ
皿	miŋ
敏	miŋ
閔	miŋ
瞑	miŋ
命	miŋ
忞	miŋ
黽	miŋ
鰵	miŋ
泯	miŋ
蓂	miŋ
岷	miŋ
珉	miŋ
緡	miŋ
螟	miŋ
酩	miŋ
旻	miŋ
暝	miŋ
溟	miŋ
閩	miŋ
盟	miŋ
𧌙	miŋ
𨳶	miŋ
愍	miŋ
䡑	miŋ
刡	miŋ
奣	miŋ
謬	miu
繆	miu
慕	mo
磨	mo
摩	mo
摹	mo
魔	mo
暮	mo
墓	mo
幕	mo
模	mo
募	mo
謨	mo
𥂓	mo
麽	mo
某	mo
蟇	mo
厶	mo
蟆	mo
⿰口魔	mo
饝	mo
木	moʔ
目	moʔ
沐	moʔ
莫	moʔ
牧	moʔ
睦	moʔ
摸	moʔ
寞	moʔ
漠	moʔ
穆	moʔ
邈	moʔ
纆	moʔ
瘼	moʔ
霂	moʔ
鶩	moʔ
楘	moʔ
墨	moʔ
苜	moʔ
膜	moʔ
⿱牧虫	moʔ
婺	moʔ
⿱敄車	moʔ
万	moʔ
蒙	moŋ
濛	moŋ
矇	moŋ
朦	moŋ
夢	moŋ
檬	moŋ
懵	moŋ
幪	moŋ
艨	moŋ
曚	moŋ
蠓	moŋ
馬	mɔ
麻	mɔ
痲	mɔ
蔴	mɔ
瑪	mɔ
碼	mɔ
螞	mɔ
罵	mɔ
媽	mɔ
蟇	mɔ
鰢	mɔ
嗎	mɔ
䳸	mɔ
忙	mɔŋ
芒	mɔŋ
茫	mɔŋ
盲	mɔŋ
鋩	mɔŋ
莽	mɔŋ
蟒	mɔŋ
厖	mɔŋ
蝱	mɔŋ
邙	mɔŋ
肓	mɔŋ
望	mɔŋ
𥁃	mɔŋ
滿	mũ
瞞	mũ
饅	mũ
鰻	mũ
縵	mũ
鞔	mũ
謾	mũ
𧜞	mũ
⿰礻㒼	mũ
顢	mũ
奶	na
𠂏	na
疓	na
艿	na
乃	nɛ
柰	nɛ
耐	nɛ
奈	nɛ
鼐	nɛ
赧	nɛ
倷	nɛ
疓	nɛ
嬭	nɛ
萘	nɛ
𡞏	nɛ
㖠	ʔnɛ
難	nɛ̃
䕼	nɛ̃
𪄿	nɛ̃
㬮	nɛ̃
臡	nɛ̃
捺	naʔ
𤷈	naʔ
䖧	naʔ
腦	nɑu
鐃	nɑu
猱	nɑu
惱	nɑu
瑙	nɑu
閙	nɑu
呶	nɑu
橈	nɑu
淖	nɑu
峱	nɑu
撓	nɑu
蝚	nɑu
獶	nɑu
嫐	nɑu
髐	nɑu
硇	nɑu
餒	ne
訥	nəʔ
納	nəʔ
吶	nəʔ
衲	nəʔ
抐	nəʔ
㨥	nəʔ
内	nəʔ
𠺶	nəʔ
男	nẽ
內	nẽ
南	nẽ
楠	nẽ
喃	nẽ
湳	nẽ
諵	nẽ
婻	nẽ
罱	nẽ
能	nəŋ
嫩	nəŋ
耨	nœy
獳	nœy
㝅	nœy
鎒	nœy
羺	nœy
𩒔	nœy
檽	nœy
俉	ŋ
呆	ŋɛ
礙	ŋɛ
獃	ŋɛ
艾	ŋɛ
閡	ŋɛ
硋	ŋɛ
皚	ŋɛ
巖	ŋɛ̃
銜	ŋɛ̃
碞	ŋɛ̃
㛧	ŋɛ̃
𩜠	ŋɛ̃
額	ŋaʔ
峉	ŋaʔ
硬	ŋaŋ
鞕	ŋaŋ
敖	ŋɑu
鼇	ŋɑu
傲	ŋɑu
奡	ŋɑu
翱	ŋɑu
敖	ŋɑu
獒	ŋɑu
璈	ŋɑu
厫	ŋɑu
驁	ŋɑu
遨	ŋɑu
螯	ŋɑu
嗷	ŋɑu
𦪈	ŋɑu
熬	ŋɑu
鏊	ŋɑu
鷔	ŋɑu
謷	ŋɑu
慠	ŋɑu
𥑺	ŋəʔ
岸	ŋẽ
豻	ŋẽ
偶	ŋœy
耦	ŋœy
藕	ŋœy
𩥋	ŋœy
峨	ŋo
俄	ŋo
蛾	ŋo
鵝	ŋo
訛	ŋo
哦	ŋo
卧	ŋo
餓	ŋo
吪	ŋo
娥	ŋo
莪	ŋo
㛂	ŋo
𠩙	ŋo
鈋	ŋo
我	ŋɔ
砑	ŋɔ
衙	ŋɔ
岳	ŋoʔ
鄂	ŋoʔ
鶴	ŋoʔ
鱷	ŋoʔ
嶽	ŋoʔ
翯	ŋoʔ
鶚	ŋoʔ
噩	ŋoʔ
愕	ŋoʔ
諤	ŋoʔ
顎	ŋoʔ
鸑	ŋoʔ
萼	ŋoʔ
崿	ŋoʔ
咢	ŋoʔ
腭	ŋoʔ
蘁	ŋoʔ
貉	ŋoʔ
鑩	ŋoʔ
偔	ŋoʔ
鍔	ŋoʔ
遌	ŋoʔ
昂	ŋɔŋ
卬	ŋɔŋ
頑	ŋuɛ̃
幻	ŋuɛ̃
宦	ŋuɛ̃
豢	ŋuɛ̃
危	ŋue
魏	ŋue
嵬	ŋue
巍	ŋue
僞	ŋue
頠	ŋue
硊	ŋue
𨴓	ŋue
兀	ŋuəʔ
杌	ŋuəʔ
𠨜	ŋuəʔ
矻	ŋuəʔ
屼	ŋuəʔ
阢	ŋuəʔ
屹	ŋuəʔ
仡	ŋuəʔ
𢖴	ŋuəʔ
齕	ŋuəʔ
紇	ŋuəʔ
吾	ŋu
梧	ŋu
寤	ŋu
互	ŋu
悞	ŋu
蜈	ŋu
捂	ŋu
齬	ŋu
忤	ŋu
悟	ŋu
迕	ŋu
晤	ŋu
吳	ŋu
娪	ŋu
圄	ŋu
牾	ŋu
娛	ŋu
玩	ŋũ
翫	ŋũ
刓	ŋũ
抏	ŋũ
岏	ŋũ
懦	no
糯	no
儺	no
戁	no
娜	no
挪	no
那	no
哪	no
捼	no
㑚	no
諾	noʔ
𢜪	noʔ
農	noŋ
癑	noŋ
儂	noŋ
膿	noŋ
齈	noŋ
噥	noŋ
拿	nɔ
𤸻	nɔ
嗱	nɔ
𤔀	nɔ
哪	nɔ
囊	nɔŋ
曩	nɔŋ
灢	nɔŋ
儾	nɔŋ
攮	nɔŋ
暖	nø̃
㬉	nø̃
囡	nø̃
囝	nø̃
奴	nu
駑	nu
努	nu
怒	nu
伮	nu
孥	nu
弩	nu
砮	nu
𧉭	nu
泥	ɲi
宜	ɲi
尼	ɲi
妮	ɲi
倪	ɲi
疑	ɲi
鯢	ɲi
柅	ɲi
蟻	ɲi
誼	ɲi
藝	ɲi
議	ɲi
儗	ɲi
劓	ɲi
刈	ɲi
詣	ɲi
伲	ɲi
襼	ɲi
腉	ɲi
膩	ɲi
䍲	ɲi
乂	ɲi
羿	ɲi
擬	ɲi
薿	ɲi
毅	ɲi
睨	ɲi
沂	ɲi
麑	ɲi
霓	ɲi
呢	ɲi
怩	ɲi
儀	ɲi
嶷	ɲi
輗	ɲi
𨉖	ɲi
猊	ɲi
鶃	ɲi
虐	ɲiaʔ
疟	ɲiaʔ
揑	ɲiaʔ
搦	ɲiaʔ
捻	ɲiaʔ
篛	ɲiaʔ
蒻	ɲiaʔ
敜	ɲiaʔ
惗	ɲiaʔ
踗	ɲiaʔ
仰	ɲiaŋ
娘	ɲiaŋ
釀	ɲiaŋ
𥽬	ɲiaŋ
念	ɲiɛ̃
騐	ɲiɛ̃
廿	ɲiɛ̃
𦁤	ɲiɛ̃
䧔	ɲiɛ̃
堯	ɲiɑu
饒	ɲiɑu
嫋	ɲiɑu
鳥	ɲiɑu
蔦	ɲiɑu
裊	ɲiɑu
嬈	ɲiɑu
僥	ɲiɑu
穾	ɲiɑu
𢶑	ɲiɑu
溺	ɲɪʔ
逆	ɲɪʔ
臬	ɲɪʔ
匿	ɲɪʔ
惄	ɲɪʔ
業	ɲɪʔ
孽	ɲɪʔ
聶	ɲɪʔ
隉	ɲɪʔ
湼	ɲɪʔ
糵	ɲɪʔ
蘖	ɲɪʔ
齧	ɲɪʔ
暱	ɲɪʔ
闑	ɲɪʔ
囁	ɲɪʔ
苶	ɲɪʔ
臲	ɲɪʔ
嶷	ɲɪʔ
㥾	ɲɪʔ
愵	ɲɪʔ
𠸺	ɲɪʔ
䐑	ɲɪʔ
掜	ɲɪʔ
鑷	ɲɪʔ
鷁	ɲɪʔ
齾	ɲɪʔ
年	ɲĩ
研	ɲĩ
拈	ɲĩ
嚴	ɲĩ
儼	ɲĩ
硯	ɲĩ
唁	ɲĩ
黏	ɲĩ
妍	ɲĩ
碾	ɲĩ
喭	ɲĩ
彥	ɲĩ
諺	ɲĩ
䉷	ɲĩ
讞	ɲĩ
𤜵	ɲĩ
䂴	ɲĩ
𨁍	ɲĩ
鮎	ɲĩ
釅	ɲĩ
迎	ɲiŋ
甯	ɲiŋ
銀	ɲiŋ
壬	ɲiŋ
凝	ɲiŋ
佞	ɲiŋ
任	ɲiŋ
嚀	ɲiŋ
濘	ɲiŋ
吟	ɲiŋ
妊	ɲiŋ
嚚	ɲiŋ
靱	ɲiŋ
獰	ɲiŋ
垠	ɲiŋ
鄞	ɲiŋ
誾	ɲiŋ
賃	ɲiŋ
憗	ɲiŋ
崟	ɲiŋ
薴	ɲiŋ
嬣	ɲiŋ
鑏	ɲiŋ
唫	ɲiŋ
檸	ɲiŋ
鈕	ɲiu
牛	ɲiu
紐	ɲiu
狃	ɲiu
扭	ɲiu
忸	ɲiu
粈	ɲiu
衄	ɲiu
莥	ɲiu
炄	ɲiu
禺	ɲy
隅	ɲy
語	ɲy
寓	ɲy
遇	ɲy
虞	ɲy
喁	ɲy
嵎	ɲy
馭	ɲy
芋	ɲy
禦	ɲy
圉	ɲy
麌	ɲy
御	ɲy
女	ɲy
⿰金虞	ɲy
㦙	ɲy
敔	ɲy
齵	ɲy
吽	ɲy
元	ɲỹ
原	ɲỹ
源	ɲỹ
願	ɲỹ
愿	ɲỹ
軟	ɲỹ
黿	ɲỹ
芫	ɲỹ
阮	ɲỹ
嫄	ɲỹ
蠕	ɲỹ
邧	ɲỹ
刓	ɲỹ
蚖	ɲỹ
岏	ɲỹ
杬	ɲỹ
瓀	ɲỹ
䯈	ɲỹ
玉	ɲyoʔ
獄	ɲyoʔ
鈺	ɲyoʔ
𧉣	ɲyoʔ
濃	ɲyoŋ
絨	ɲyoŋ
顒	ɲyoŋ
羢	ɲyoŋ
醲	ɲyoŋ
狨	ɲyoŋ
𧲤	ɲyoŋ
毧	ɲyoŋ
窩	o
阿	o
媧	o
渦	o
屙	o
倭	o
婐	o
咼	o
唩	o
捼	o
啊	o
萵	o
禾	ɦo
賀	ɦo
盉	ɦo
河	ɦo
何	ɦo
荷	ɦo
和	ɦo
禍	ɦo
𣲲	ɦo
鉌	ɦo
啝	ɦo
屋	oʔ
握	oʔ
堊	oʔ
渥	oʔ
沃	oʔ
幄	oʔ
鋈	oʔ
⿰車屋	oʔ
齷	oʔ
𪁕	oʔ
㕭	oʔ
翁	oŋ
滃	oŋ
齆	oŋ
蓊	oŋ
甕	oŋ
螉	oŋ
𨞑	oŋ
𤌏	oŋ
䩺	oŋ
瞈	oŋ
䐥	oŋ
嗡	oŋ
洪	ɦoŋ
紅	ɦoŋ
虹	ɦoŋ
鴻	ɦoŋ
閎	ɦoŋ
苰	ɦoŋ
弘	ɦoŋ
宏	ɦoŋ
紘	ɦoŋ
泓	ɦoŋ
㢬	ɦoŋ
鋐	ɦoŋ
吰	ɦoŋ
𧈽	ɦoŋ
黌	ɦoŋ
丫	ɔ
嗄	ɦɔ
惡	ɔʔ
噁	ɔʔ
𣽏	ɔʔ
䜑	ɔʔ
𪅴	ɔʔ
嗀	ɔʔ
或	ɦɔʔ
艧	ɦɔʔ
觳	ɦɔʔ
雘	ɦɔʔ
蠖	ɦɔʔ
穫	ɦɔʔ
斛	ɦɔʔ
獲	ɦɔʔ
鑊	ɦɔʔ
濩	ɦɔʔ
惑	ɦɔʔ
鸌	ɦɔʔ
⿱艹𭮹	ɦɔʔ
臒	ɦɔʔ
𩵬	ɦɔʔ
𣤨	ɦɔʔ
嚄	ɦɔʔ
㬦	ɦɔʔ
盎	ɔŋ
𣖮	ɔŋ
杭	ɦɔŋ
航	ɦɔŋ
項	ɦɔŋ
巷	ɦɔŋ
降	ɦɔŋ
頏	ɦɔŋ
行	ɦɔŋ
澒	ɦɔŋ
筕	ɦɔŋ
貥	ɦɔŋ
銾	ɦɔŋ
𢠷	ɦɔŋ
擺	pa
叭	pa
㧳	pa
派	pʰa
汃	pʰa
拜	pɛ
湃	pʰɛ
憊	pʰɛ
浿	pʰɛ
𠯔	pʰɛ
班	pɛ̃
斑	pɛ̃
板	pɛ̃
版	pɛ̃
扮	pɛ̃
舨	pɛ̃
般	pɛ̃
頒	pɛ̃
螌	pɛ̃
𤤻	pɛ̃
鈑	pɛ̃
瓪	pɛ̃
𢴬	pɛ̃
瘢	pɛ̃
𫪒	pɛ̃
扳	pɛ̃
㿀	pɛ̃
阪	pɛ̃
攀	pʰɛ̃
襻	pʰɛ̃
盼	pʰɛ̃
眅	pʰɛ̃
鋬	pʰɛ̃
百	paʔ
捌	paʔ
伯	paʔ
柏	paʔ
䒔	paʔ
𦯉	paʔ
䤢	paʔ
拍	pʰaʔ
珀	pʰaʔ
擘	pʰaʔ
魄	pʰaʔ
蘗	pʰaʔ
伻	paŋ
綳	paŋ
𢆸	paŋ
怦	pʰaŋ
抨	pʰaŋ
報	pɑu
胞	pɑu
保	pɑu
寶	pɑu
飽	pɑu
鴇	pɑu
豹	pɑu
包	pɑu
襃	pɑu
褓	pɑu
堡	pɑu
苞	pɑu
葆	pɑu
㷛	pɑu
怉	pɑu
刨	pɑu
勹	pɑu
拋	pʰɑu
炮	pʰɑu
泡	pʰɑu
砲	pʰɑu
脬	pʰɑu
帕	pʰɑu
皰	pʰɑu
咆	pʰɑu
爆	pʰɑu
炰	pʰɑu
跑	pʰɑu
𣬢	pʰɑu
𩆘	pʰɑu
𣶐	pʰɑu
貝	pe
杯	pe
碑	pe
悲	pe
卑	pe
彼	pe
輩	pe
狽	pe
背	pe
俾	pe
髀	pe
陂	pe
萆	pe
䟺	pe
珼	pe
𦈧	pe
𦮷	pe
褙	pe
閴	pe
配	pʰe
沛	pʰe
肧	pʰe
轡	pʰe
霈	pʰe
旆	pʰe
伾	pʰe
坯	pʰe
邳	pʰe
丕	pʰe
呸	pʰe
岯	pʰe
怌	pʰe
嶏	pʰe
𩵣	pʰe
鉟	pʰe
瓿	pʰe
㾦	pʰe
不	pəʔ
廹	pəʔ
鉢	pəʔ
癶	pəʔ
撥	pəʔ
鱍	pəʔ
蹳	pəʔ
潑	pʰəʔ
鏺	pʰəʔ
本	pəŋ
崩	pəŋ
奔	pəŋ
賁	pəŋ
畚	pəŋ
苯	pəŋ
繃	pəŋ
烹	pʰəŋ
淜	pʰəŋ
噴	pʰəŋ
澎	pʰəŋ
硼	pʰəŋ
皏	pʰəŋ
褒	pœy
剖	pʰœy
裒	pʰœy
秠	pʰœy
紑	pʰœy
吥	pʰœy
比	pi
鄙	pi
閉	pi
臂	pi
閟	pi
庇	pi
秘	pi
匕	pi
蔽	pi
嬖	pi
泌	pi
毖	pi
妣	pi
𦱔	pi
賁	pi
屄	pi
沘	pi
䡟	pi
箄	pi
畀	pi
費	pi
貱	pi
批	pʰi
砒	pʰi
屁	pʰi
披	pʰi
譬	pʰi
仳	pʰi
圮	pʰi
秕	pʰi
痞	pʰi
否	pʰi
庀	pʰi
嚭	pʰi
吡	pʰi
鮍	pʰi
鈹	pʰi
𣬼	pʰi
淠	pʰi
銔	pʰi
紕	pʰi
蚍	pʰi
表	piɑu
彪	piɑu
鑣	piɑu
婊	piɑu
剽	piɑu
標	piɑu
裱	piɑu
俵	piɑu
猋	piɑu
鏢	piɑu
髟	piɑu
滮	piɑu
杓	piɑu
飆	piɑu
蔈	piɑu
瀌	piɑu
㟽	piɑu
脿	piɑu
儦	piɑu
票	pʰiɑu
漂	pʰiɑu
飄	pʰiɑu
縹	pʰiɑu
慓	pʰiɑu
驃	pʰiɑu
醥	pʰiɑu
螵	pʰiɑu
嘌	pʰiɑu
𧢄	pʰiɑu
瞟	pʰiɑu
膘	pʰiɑu
鰾	pʰiɑu
必	pɪʔ
畢	pɪʔ
筆	pɪʔ
逼	pɪʔ
碧	pɪʔ
嗶	pɪʔ
璧	pɪʔ
鱉	pɪʔ
壁	pɪʔ
別	pɪʔ
苾	pɪʔ
鞸	pɪʔ
觱	pɪʔ
㮿	pɪʔ
蹕	pɪʔ
熚	pɪʔ
襞	pɪʔ
辟	pɪʔ
蹩	pɪʔ
𢴩	pɪʔ
柲	pɪʔ
鮅	pɪʔ
邲	pɪʔ
㻫	pɪʔ
愊	pɪʔ
揊	pɪʔ
彃	pɪʔ
彆	pɪʔ
潷	pɪʔ
㿜	pɪʔ
𥡁	pɪʔ
篳	pɪʔ
煏	pɪʔ
匹	pʰɪʔ
疋	pʰɪʔ
撇	pʰɪʔ
僻	pʰɪʔ
劈	pʰɪʔ
霹	pʰɪʔ
癖	pʰɪʔ
瞥	pʰɪʔ
擗	pʰɪʔ
鴄	pʰɪʔ
澼	pʰɪʔ
蟞	pʰɪʔ
𩪧	pʰɪʔ
𠯔	pʰɪʔ
𨵩	pʰɪʔ
䏘	pʰɪʔ
躃	pʰɪʔ
變	pĩ
鞭	pĩ
籩	pĩ
邊	pĩ
匾	pĩ
遍	pĩ
砭	pĩ
萹	pĩ
蝙	pĩ
編	pĩ
窆	pĩ
貶	pĩ
扁	pĩ
褊	pĩ
㴜	pĩ
鍽	pĩ
鯿	pĩ
鯾	pĩ
𨇱	pĩ
楄	pĩ
封	pĩ
偏	pʰĩ
篇	pʰĩ
翩	pʰĩ
片	pʰĩ
騙	pʰĩ
扁	pʰĩ
蹁	pʰĩ
甂	pʰĩ
諞	pʰĩ
䏒	pʰĩ
氷	piŋ
兵	piŋ
檳	piŋ
彬	piŋ
賓	piŋ
丙	piŋ
秉	piŋ
禀	piŋ
餅	piŋ
柄	piŋ
并	piŋ
殯	piŋ
鬢	piŋ
濱	piŋ
豳	piŋ
儐	piŋ
迸	piŋ
炳	piŋ
拼	piŋ
屏	piŋ
鑌	piŋ
嬪	piŋ
併	piŋ
蠙	piŋ
繽	piŋ
礗	piŋ
臏	piŋ
璸	piŋ
𩼧	piŋ
𭇛	piŋ
𩊖	piŋ
鉼	piŋ
鞞	piŋ
掤	piŋ
冫	piŋ
浜	piŋ
品	pʰiŋ
娉	pʰiŋ
聘	pʰiŋ
姘	pʰiŋ
甹	pʰiŋ
砯	pʰiŋ
砰	pʰiŋ
波	po
玻	po
播	po
簸	po
菠	po
譒	po
番	po
蚾	po
𧂉	po
啵	po
皤	po
破	pʰo
坡	pʰo
頗	pʰo
叵	pʰo
𠰐	pʰo
鉕	pʰo
𩢘	pʰo
𡶆	pʰo
𩑼	pʰo
𧙅	pʰo
𧿽	pʰo
跛	pʰo
北	poʔ
卜	poʔ
博	poʔ
剝	poʔ
搏	poʔ
駁	poʔ
膊	poʔ
縛	poʔ
鎛	poʔ
䃗	poʔ
髆	poʔ
撲	pʰoʔ
扑	pʰoʔ
粕	pʰoʔ
樸	pʰoʔ
朴	pʰoʔ
璞	pʰoʔ
攴	pʰoʔ
𥼜	pʰoʔ
䗱	pʰoʔ
胉	pʰoʔ
濮	pʰoʔ
幞	pʰoʔ
襆	pʰoʔ
鏷	pʰoʔ
醭	pʰoʔ
䨣	pʰoʔ
捧	pʰoŋ
菶	pʰoŋ
琫	pʰoŋ
䩬	pʰoŋ
把	pɔ
芭	pɔ
疤	pɔ
吧	pɔ
舥	pɔ
豝	pɔ
霸	pɔ
壩	pɔ
笆	pɔ
爸	pɔ
鈀	pɔ
靶	pɔ
灞	pɔ
𩨜	pɔ
𧲧	pɔ
㿬	pɔ
羓	pɔ
怕	pʰɔ
𩈆	pʰɔ
帊	pʰɔ
蚆	pʰɔ
邦	pɔŋ
梆	pɔŋ
幫	pɔŋ
綁	pɔŋ
榜	pɔŋ
牓	pɔŋ
謗	pɔŋ
𨢐	pɔŋ
𧤞	pɔŋ
垹	pɔŋ
搒	pɔŋ
鞤	pɔŋ
䏾	pʰɔŋ
髈	pʰɔŋ
鎊	pʰɔŋ
胖	pʰɔŋ
補	pu
布	pu
佈	pu
怖	pu
圃	pu
譜	pu
𨀒	pu
鈽	pu
鋪	pʰu
普	pʰu
浦	pʰu
舖	pʰu
溥	pʰu
䮒	pʰu
鯆	pʰu
埔	pʰu
半	pũ
搬	pũ
䉽	pũ
𩢔	pũ
泮	pʰũ
判	pʰũ
潘	pʰũ
拚	pʰũ
拌	pʰũ
牉	pʰũ
𠯘	pʰũ
詊	pʰũ
𧺾	pʰũ
耳	əl
而	əl
兒	əl
爾	əl
邇	əl
咡	əl
刵	əl
珥	əl
餌	əl
樲	əl
貳	əl
二	əl
荋	əl
㾍	əl
𧊗	əl
䣵	əl
𢄽	əl
鉺	əl
𩊐	əl
鮞	əl
鴯	əl
袻	əl
唲	əl
㛅	əl
駬	əl
䎟	əl
洏	əl
䋙	əl
耏	əl
四	sɿ
司	sɿ
私	sɿ
思	sɿ
師	sɿ
獅	sɿ
斯	sɿ
絲	sɿ
獅	sɿ
撕	sɿ
緦	sɿ
史	sɿ
使	sɿ
駛	sɿ
肆	sɿ
賜	sɿ
弑	sɿ
𦰯	sɿ
楒	sɿ
罳	sɿ
矢	sɿ
始	sɿ
詩	sɿ
駟	sɿ
泗	sɿ
豕	sɿ
試	sɿ
屍	sɿ
尸	sɿ
颸	sɿ
偲	sɿ
篩	sɿ
廝	sɿ
嘶	sɿ
鷥	sɿ
蓍	sɿ
阤	sɿ
弛	sɿ
施	sɿ
鳲	sɿ
屎	sɿ
死	sɿ
鉂	sɿ
鶳	sɿ
𦭡	sɿ
㳏	sɿ
泀	sɿ
騦	sɿ
箷	sɿ
𥯨	sɿ
𧛖	sɿ
呞	sɿ
厶	sɿ
灑	sa
曬	sa
𩎉	sa
帥	sɛ
鰓	sɛ
腮	sɛ
賽	sɛ
塞	sɛ
殺	sɛ
毸	sɛ
䰄	sɛ
衰	sɛ
揌	sɛ
山	sɛ̃
三	sɛ̃
衫	sɛ̃
珊	sɛ̃
舢	sɛ̃
散	sɛ̃
傘	sɛ̃
疝	sɛ̃
訕	sɛ̃
潸	sɛ̃
彡	sɛ̃
杉	sɛ̃
跚	sɛ̃
芟	sɛ̃
姍	sɛ̃
删	sɛ̃
釤	sɛ̃
鏾	sɛ̃
𨅖	sɛ̃
䈀	sɛ̃
剼	sɛ̃
霰	sɛ̃
𭆻	sɛ̃
汕	sɛ̃
饊	sɛ̃
薩	saʔ
撒	saʔ
煞	saʔ
殺	saʔ
柵	saʔ
霎	saʔ
𫬒	saʔ
剎	saʔ
萐	saʔ
䓭	saʔ
睫	saʔ
省	saŋ
掃	sɑu
筲	sɑu
蛸	sɑu
騷	sɑu
嫂	sɑu
稍	sɑu
燥	sɑu
捎	sɑu
莦	sɑu
譟	sɑu
臊	sɑu
鰠	sɑu
梢	sɑu
颾	sɑu
鐰	sɑu
瘙	sɑu
喿	sɑu
𥰱	sɑu
䈰	sɑu
艄	sɑu
雖	se
碎	se
歲	se
帨	se
荽	se
綏	se
祟	se
誶	se
水	se
稅	se
說	se
萃	se
蛻	se
浽	se
緌	se
甤	se
夊	se
色	səʔ
瑟	səʔ
塞	səʔ
蝨	səʔ
率	səʔ
澀	səʔ
嗇	səʔ
蟀	səʔ
穑	səʔ
颯	səʔ
帥	səʔ
薔	səʔ
𩍙	səʔ
琗	səʔ
摔	səʔ
窣	səʔ
卅	səʔ
濇	səʔ
𥡢	səʔ
生	səŋ
牲	səŋ
甥	səŋ
笙	səŋ
𤯝	səŋ
滲	səŋ
罧	səŋ
甡	səŋ
沁	səŋ
損	səŋ
琛	səŋ
篸	səŋ
巽	səŋ
遜	səŋ
飱	səŋ
哂	səŋ
森	səŋ
槮	səŋ
僧	səŋ
蔘	səŋ
毿	səŋ
謲	səŋ
糝	səŋ
矧	səŋ
猻	səŋ
孫	səŋ
蓀	səŋ
參	səŋ
鬠	səŋ
鉎	səŋ
珄	səŋ
胜	səŋ
苼	səŋ
泩	səŋ
𩩭	səŋ
墋	səŋ
搎	səŋ
磣	səŋ
𩞀	səŋ
叟	sœy
搜	sœy
瘦	sœy
嗽	sœy
𢊈	sœy
颼	sœy
漱	sœy
艘	sœy
藪	sœy
擻	sœy
溲	sœy
蒐	sœy
瞍	sœy
鎪	sœy
𣔱	sœy
𣮬	sœy
䗏	sœy
𩌅	sœy
䱸	sœy
餿	sœy
奢	ʃɛ
𤙱	ʃɛ
捨	ʃɛ
舍	ʃɛ
赦	ʃɛ
𧌖	ʃɛ
涻	ʃɛ
失	ʃɪʔ
說	ʃɪʔ
刷	ʃɪʔ
設	ʃɪʔ
室	ʃɪʔ
戌	ʃɪʔ
恤	ʃɪʔ
雪	ʃɪʔ
䦗	ʃɪʔ
洫	ʃɪʔ
烅	ʃɪʔ
𥇙	ʃɪʔ
舜	ʃiŋ
瞬	ʃiŋ
旬	ʃiŋ
徇	ʃiŋ
洵	ʃiŋ
郇	ʃiŋ
恂	ʃiŋ
笋	ʃiŋ
榫	ʃiŋ
殉	ʃiŋ
濬	ʃiŋ
詢	ʃiŋ
馴	ʃiŋ
簨	ʃiŋ
浚	ʃiŋ
荀	ʃiŋ
䖲	ʃiŋ
𪀠	ʃiŋ
珣	ʃiŋ
叔	ʃoʔ
數	ʃoʔ
束	ʃoʔ
菽	ʃoʔ
縮	ʃoʔ
蹜	ʃoʔ
琡	ʃoʔ
諔	ʃoʔ
俶	ʃoʔ
埱	ʃoʔ
𠲿	ʃoʔ
啥	ʃɔ
撦	ʃɔ
𨅓	ʃɔ
舂	ʃɔŋ
爽	ʃɔŋ
賞	ʃɔŋ
殤	ʃɔŋ
雙	ʃɔŋ
商	ʃɔŋ
傷	ʃɔŋ
螪	ʃɔŋ
滳	ʃɔŋ
蔏	ʃɔŋ
𩥫	ʃɔŋ
䫪	ʃɔŋ
𥱶	ʃɔŋ
㩳	ʃɔŋ
𧴅	ʃɔŋ
㦼	ʃɔŋ
觴	ʃɔŋ
摏	ʃɔŋ
世	ʃy
輸	ʃy
書	ʃy
勢	ʃy
須	ʃy
庶	ʃy
貰	ʃy
糈	ʃy
諝	ʃy
舒	ʃy
恕	ʃy
紓	ʃy
胥	ʃy
濡	ʃy
需	ʃy
絮	ʃy
鬚	ʃy
抒	ʃy
戍	ʃy
黍	ʃy
暑	ʃy
蝑	ʃy
湑	ʃy
醑	ʃy
䈝	ʃy
䱬	ʃy
𡹲	ʃy
揟	ʃy
𦄼	ʃy
𨍐	ʃy
宣	ʃỹ
毨	ʃỹ
選	ʃỹ
閂	ʃỹ
𩤡	ʃỹ
𥶷	ʃỹ
西	si
犀	si
璽	si
細	si
壻	si
葸	si
屣	si
絤	si
徙	si
蓰	si
髓	si
枲	si
壐	si
簁	si
縰	si
葈	si
𩌦	si
粞	si
㩄	si
獮	si
樨	si
卸	sia
寫	siɛ
瀉	siɛ
些	siɛ
䥱	siɛ
𧓺	siɛ
削	siaʔ
爍	siaʔ
鑠	siaʔ
相	siaŋ
廂	siaŋ
箱	siaŋ
想	siaŋ
鑲	siaŋ
襄	siaŋ
鮝	siaŋ
湘	siaŋ
驤	siaŋ
欀	siaŋ
瓤	siaŋ
緗	siaŋ
葙	siaŋ
蠰	siaŋ
瀼	siaŋ
瓖	siaŋ
小	siɑu
宵	siɑu
消	siɑu
逍	siɑu
肖	siɑu
銷	siɑu
硝	siɑu
霄	siɑu
嘯	siɑu
簫	siɑu
鞘	siɑu
蕭	siɑu
瀟	siɑu
綃	siɑu
魈	siɑu
翛	siɑu
燒	siɑu
篠	siɑu
笑	siɑu
誚	siɑu
少	siɑu
哨	siɑu
陗	siɑu
䥵	siɑu
萷	siɑu
箾	siɑu
蠨	siɑu
弰	siɑu
蛸	siɑu
鮹	siɑu
錫	sɪʔ
屑	sɪʔ
息	sɪʔ
惜	sɪʔ
悉	sɪʔ
薛	sɪʔ
褻	sɪʔ
膝	sɪʔ
爕	sɪʔ
蟋	sɪʔ
屧	sɪʔ
式	sɪʔ
栻	sɪʔ
拭	sɪʔ
軾	sɪʔ
昔	sɪʔ
適	sɪʔ
識	sɪʔ
溼	sɪʔ
懾	sɪʔ
攝	sɪʔ
媟	sɪʔ
晳	sɪʔ
絏	sɪʔ
𣊓	sɪʔ
楔	sɪʔ
釋	sɪʔ
躡	sɪʔ
裼	sɪʔ
媳	sɪʔ
熄	sɪʔ
蜥	sɪʔ
淅	sɪʔ
緤	sɪʔ
析	sɪʔ
奭	sɪʔ
襫	sɪʔ
洩	sɪʔ
飾	sɪʔ
舄	sɪʔ
鞢	sɪʔ
泄	sɪʔ
𧀬	sɪʔ
𧙢	sɪʔ
𧕊	sɪʔ
焟	sɪʔ
鶒	sɪʔ
蜴	sɪʔ
糏	sɪʔ
螫	sɪʔ
先	sĩ
仙	sĩ
籼	sĩ
燹	sĩ
癬	sĩ
線	sĩ
鮮	sĩ
閃	sĩ
侁	sĩ
蘚	sĩ
躚	sĩ
洗	sĩ
筅	sĩ
憸	sĩ
暹	sĩ
殲	sĩ
跣	sĩ
烍	sĩ
𪄷	sĩ
羶	sĩ
韱	sĩ
騸	sĩ
讖	sĩ
熌	sĩ
獮	sĩ
扇	sĩ
纎	sĩ
煽	sĩ
謆	sĩ
陝	sĩ
銛	sĩ
𣟲	sĩ
櫼	sĩ
鑯	sĩ
𧕇	sĩ
銑	sĩ
𦱑	sĩ
尠	sĩ
𥑻	sĩ
秈	sĩ
心	siŋ
星	siŋ
莘	siŋ
猩	siŋ
新	siŋ
薪	siŋ
腥	siŋ
醒	siŋ
迅	siŋ
辛	siŋ
姓	siŋ
信	siŋ
訊	siŋ
聖	siŋ
省	siŋ
騂	siŋ
沈	siŋ
申	siŋ
伸	siŋ
審	siŋ
嬸	siŋ
惺	siŋ
性	siŋ
𢜫	siŋ
諗	siŋ
勝	siŋ
芯	siŋ
深	siŋ
陞	siŋ
昇	siŋ
升	siŋ
身	siŋ
紳	siŋ
聲	siŋ
伈	siŋ
汛	siŋ
囟	siŋ
駪	siŋ
䗌	siŋ
渻	siŋ
箵	siŋ
䳙	siŋ
鍟	siŋ
𦳗	siŋ
詵	siŋ
抻	siŋ
鮏	siŋ
呻	siŋ
胂	siŋ
鯹	siŋ
手	siu
收	siu
守	siu
首	siu
獸	siu
狩	siu
繡	siu
修	siu
脩	siu
銹	siu
琇	siu
滫	siu
秀	siu
饈	siu
羞	siu
宿	siu
鏥	siu
蜏	siu
樇	siu
鎖	so
簑	so
梭	so
嗩	so
娑	so
䓾	so
唆	so
蓑	so
傞	so
瑣	so
莎	so
𩊮	so
䤬	so
捘	so
桫	so
睃	so
宿	soʔ
夙	soʔ
肅	soʔ
粟	soʔ
速	soʔ
朔	soʔ
蓿	soʔ
觫	soʔ
樕	soʔ
索	soʔ
槊	soʔ
蔌	soʔ
簌	soʔ
涑	soʔ
鋉	soʔ
𧐴	soʔ
誎	soʔ
嗍	soʔ
搠	soʔ
松	soŋ
嵩	soŋ
聳	soŋ
鬆	soŋ
竦	soŋ
宋	soŋ
送	soŋ
忪	soŋ
淞	soŋ
悚	soŋ
慫	soŋ
駷	soŋ
蜙	soŋ
菘	soŋ
𪁿	soŋ
所	sɔ
沙	sɔ
砂	sɔ
賒	sɔ
痧	sɔ
鯊	sɔ
紗	sɔ
裟	sɔ
耍	sɔ
𧋊	sɔ
硰	sɔ
𧎳	sɔʔ
𦵫	sɔʔ
𥰼	sɔʔ
𢱢	sɔʔ
𤸴	sɔʔ
𧛻	sɔʔ
桑	sɔŋ
喪	sɔŋ
孀	sɔŋ
霜	sɔŋ
礵	sɔŋ
磉	sɔŋ
顙	sɔŋ
驦	sɔŋ
鸘	sɔŋ
嗓	sɔŋ
搡	sɔŋ
算	sø̃
酸	sø̃
痠	sø̃
蒜	sø̃
疝	sø̃
𩆑	sø̃
篹	sø̃
數	su
穌	su
蘇	su
酥	su
塑	su
素	su
疏	su
蔬	su
梳	su
愬	su
溯	su
疎	su
溸	su
囌	su
㯂	ta
他	tʰa
泰	tʰa
太	tʰa
汰	tʰa
𧉑	tʰa
呔	tʰa
帶	tɛ
歹	tɛ
騃	tɛ
蔕	tɛ
戴	tɛ
台	tʰɛ
態	tʰɛ
𧉟	tʰɛ
貸	tʰɛ
胎	tʰɛ
鮐	tʰɛ
咍	tʰɛ
㾂	tʰɛ
𩿡	tʰɛ
旦	tɛ̃
丹	tɛ̃
耽	tɛ̃
躭	tɛ̃
擔	tɛ̃
胆	tɛ̃
亶	tɛ̃
酖	tɛ̃
眈	tɛ̃
癉	tɛ̃
担	tɛ̃
笪	tɛ̃
簞	tɛ̃
䒟	tɛ̃
疸	tɛ̃
𨢿	tɛ̃
撢	tɛ̃
砃	tɛ̃
嘆	tʰɛ̃
坍	tʰɛ̃
癱	tʰɛ̃
灘	tʰɛ̃
坦	tʰɛ̃
毯	tʰɛ̃
炭	tʰɛ̃
攤	tʰɛ̃
嘽	tʰɛ̃
忐	tʰɛ̃
墤	tʰɛ̃
𨂞	tʰɛ̃
搭	taʔ
怛	taʔ
妲	taʔ
呾	taʔ
塔	tʰaʔ
撻	tʰaʔ
榻	tʰaʔ
蹋	tʰaʔ
闥	tʰaʔ
塌	tʰaʔ
獺	tʰaʔ
溻	tʰaʔ
遢	tʰaʔ
䈳	tʰaʔ
毾	tʰaʔ
𩥑	tʰaʔ
䌈	tʰaʔ
𤠐	tʰaʔ
澾	tʰaʔ
闟	tʰaʔ
傝	tʰaʔ
搨	tʰaʔ
𩝣	tʰaʔ
打	taŋ
刀	tɑu
島	tɑu
倒	tɑu
禱	tɑu
到	tɑu
擣	tɑu
魛	tɑu
舠	tɑu
朷	tɑu
討	tʰɑu
叨	tʰɑu
滔	tʰɑu
套	tʰɑu
縚	tʰɑu
洮	tʰɑu
謟	tʰɑu
饕	tʰɑu
弢	tʰɑu
慆	tʰɑu
搯	tʰɑu
韜	tʰɑu
䤾	tʰɑu
𩥅	tʰɑu
䈱	tʰɑu
瑫	tʰɑu
對	te
堆	te
碓	te
𣝉	te
濧	te
追	te
推	tʰe
腿	tʰe
退	tʰe
褪	tʰe
煺	tʰe
德	təʔ
得	təʔ
答	təʔ
荅	təʔ
掇	təʔ
鎉	təʔ
褟	təʔ
褡	təʔ
鵽	təʔ
剟	təʔ
瘩	təʔ
鎝	təʔ
脫	tʰəʔ
忒	tʰəʔ
忑	tʰəʔ
秃	tʰəʔ
慝	tʰəʔ
鵚	tʰəʔ
貪	tʰẽ
探	tʰẽ
嗿	tʰẽ
醓	tʰẽ
僋	tʰẽ
㶒	tʰẽ
等	təŋ
敦	təŋ
墩	təŋ
燉	təŋ
燈	təŋ
登	təŋ
凳	təŋ
頓	təŋ
豋	təŋ
戥	təŋ
躉	təŋ
櫈	təŋ
䪃	təŋ
簦	təŋ
䔲	təŋ
墱	təŋ
鐙	təŋ
嶝	təŋ
𡼖	təŋ
驐	təŋ
䳾	təŋ
蹬	təŋ
撜	təŋ
竳	təŋ
𩞬	təŋ
吞	tʰəŋ
噋	tʰəŋ
氽	tʰəŋ
𨹙	tʰəŋ
暾	tʰəŋ
焞	tʰəŋ
斗	tœy
兜	tœy
抖	tœy
陡	tœy
鬭	tœy
蚪	tœy
篼	tœy
鈄	tœy
枓	tœy
𣘛	tœy
偷	tʰœy
透	tʰœy
斢	tʰœy
紏	tʰœy
婾	tʰœy
䚵	tʰœy
低	ti
抵	ti
邸	ti
底	ti
氐	ti
帝	ti
諦	ti
蒂	ti
呧	ti
砥	ti
胝	ti
柢	ti
羝	ti
觝	ti
疷	ti
詆	ti
偙	ti
渧	ti
螮	ti
䩚	ti
𦨢	ti
怟	ti
眡	ti
骶	ti
𩑾	ti
體	tʰi
梯	tʰi
剃	tʰi
涕	tʰi
替	tʰi
髢	tʰi
嚏	tʰi
睇	tʰi
楴	tʰi
褅	tʰi
挮	tʰi
弟	tʰi
屉	tʰi
屜	tʰi
爹	tia
貼	tʰiaʔ
帖	tʰiaʔ
怗	tʰiaʔ
䩞	tʰiaʔ
弔	tiɑu
刁	tiɑu
凋	tiɑu
貂	tiɑu
雕	tiɑu
釣	tiɑu
窵	tiɑu
屌	tiɑu
髫	tiɑu
彫	tiɑu
鵰	tiɑu
鯛	tiɑu
了	tiɑu
䘟	tiɑu
挑	tʰiɑu
眺	tʰiɑu
跳	tʰiɑu
𫋺	tʰiɑu
糶	tʰiɑu
𠛪	tʰiɑu
趒	tʰiɑu
佻	tʰiɑu
恌	tʰiɑu
銚	tʰiɑu
㨄	tʰiɑu
䄻	tʰiɑu
艞	tʰiɑu
的	tɪʔ
跌	tɪʔ
滴	tɪʔ
嫡	tɪʔ
適	tɪʔ
樀	tɪʔ
玓	tɪʔ
𥐝	tɪʔ
靮	tɪʔ
馰	tɪʔ
魡	tɪʔ
𨮹	tɪʔ
鐵	tʰɪʔ
剔	tʰɪʔ
惕	tʰɪʔ
踢	tʰɪʔ
逖	tʰɪʔ
餮	tʰɪʔ
倜	tʰɪʔ
䞶	tʰɪʔ
帙	tʰɪʔ
僣	tʰɪʔ
掦	tʰɪʔ
點	tĩ
顛	tĩ
癲	tĩ
典	tĩ
店	tĩ
玷	tĩ
墊	tĩ
跕	tĩ
殿	tĩ
巔	tĩ
坫	tĩ
痁	tĩ
苫	tĩ
𥮏	tĩ
掂	tĩ
蹎	tĩ
掭	tʰĩ
天	tʰĩ
餂	tʰĩ
腆	tʰĩ
忝	tʰĩ
靦	tʰĩ
悿	tʰĩ
㥏	tʰĩ
菾	tʰĩ
𧌎	tʰĩ
㐁	tʰĩ
栝	tʰĩ
捵	tʰĩ
舔	tʰĩ
丁	tiŋ
疔	tiŋ
釘	tiŋ
頂	tiŋ
鼎	tiŋ
訂	tiŋ
玎	tiŋ
仃	tiŋ
酊	tiŋ
叮	tiŋ
矴	tiŋ
䟓	tiŋ
𥫙	tiŋ
靪	tiŋ
盯	tiŋ
聽	tʰiŋ
廳	tʰiŋ
挺	tʰiŋ
梃	tʰiŋ
艇	tʰiŋ
町	tʰiŋ
汀	tʰiŋ
朾	tʰiŋ
虰	tʰiŋ
𨊡	tʰiŋ
𧰩	tʰiŋ
𩨑	tʰiŋ
桯	tʰiŋ
揨	tʰiŋ
丢	tiu
多	to
躱	to
垜	to
埵	to
跥	to
剁	to
拖	tʰo
妥	tʰo
唾	tʰo
它	tʰo
崜	tʰo
督	toʔ
篤	toʔ
裰	toʔ
托	tʰoʔ
柝	tʰoʔ
汑	tʰoʔ
託	tʰoʔ
橐	tʰoʔ
蘀	tʰoʔ
𤣯	tʰoʔ
籜	tʰoʔ
庹	tʰoʔ
東	toŋ
冬	toŋ
佟	toŋ
蝀	toŋ
鼕	toŋ
董	toŋ
懂	toŋ
凍	toŋ
棟	toŋ
菄	toŋ
錬	toŋ
𩣳	toŋ
䂢	toŋ
通	tʰoŋ
統	tʰoŋ
痛	tʰoŋ
侗	tʰoŋ
痌	tʰoŋ
恫	tʰoŋ
𥦁	tʰoŋ
蓪	tʰoŋ
𰔺	tɔʔ
拓	tʰɔʔ
當	tɔŋ
襠	tɔŋ
鐺	tɔŋ
擋	tɔŋ
黨	tɔŋ
檔	tɔŋ
璫	tɔŋ
礑	tɔŋ
讜	tɔŋ
湯	tʰɔŋ
倘	tʰɔŋ
躺	tʰɔŋ
徜	tʰɔŋ
儻	tʰɔŋ
帑	tʰɔŋ
淌	tʰɔŋ
𨧩	tʰɔŋ
鏜	tʰɔŋ
鞺	tʰɔŋ
燙	tʰɔŋ
鋿	tʰɔŋ
朶	tɔ
㙐	tɔ
䒳	tɔ
佗	tʰɔ
端	tø̃
短	tø̃
鍛	tø̃
斷	tø̃
鍴	tø̃
籪	tø̃
湍	tʰø̃
彖	tʰø̃
䳪	tʰø̃
子	tsɿ
茲	tsɿ
姿	tsɿ
滋	tsɿ
資	tsɿ
孜	tsɿ
孳	tsɿ
輜	tsɿ
淄	tsɿ
之	tsɿ
咨	tsɿ
諮	tsɿ
仔	tsɿ
紙	tsɿ
梓	tsɿ
紫	tsɿ
懥	tsɿ
鼒	tsɿ
㨖	tsɿ
痣	tsɿ
翅	tsɿ
鯔	tsɿ
址	tsɿ
止	tsɿ
沚	tsɿ
芷	tsɿ
趾	tsɿ
肢	tsɿ
枳	tsɿ
旨	tsɿ
眥	tsɿ
志	tsɿ
誌	tsɿ
鎡	tsɿ
粢	tsɿ
夂	tsɿ
卮	tsɿ
菑	tsɿ
忮	tsɿ
脂	tsɿ
指	tsɿ
徵	tsɿ
鷙	tsɿ
黹	tsɿ
軹	tsɿ
幟	tsɿ
熾	tsɿ
躓	tsɿ
趦	tsɿ
觶	tsɿ
積	tsɿ
識	tsɿ
吱	tsɿ
咫	tsɿ
滓	tsɿ
啻	tsɿ
質	tsɿ
至	tsɿ
胾	tsɿ
訾	tsɿ
摯	tsɿ
髭	tsɿ
孖	tsɿ
支	tsɿ
秖	tsɿ
芝	tsɿ
梔	tsɿ
枝	tsɿ
祇	tsɿ
胏	tsɿ
只	tsɿ
貲	tsɿ
恣	tsɿ
贄	tsɿ
柴	tsɿ
耔	tsɿ
𢴨	tsɿ
鮆	tsɿ
厠	tsɿ
笫	tsɿ
齊	tsɿ
胔	tsɿ
漬	tsɿ
虸	tsɿ
煑	tsɿ
翥	tsɿ
甾	tsɿ
㿳	tsɿ
此	tsʰɿ
疵	tsʰɿ
雌	tsʰɿ
次	tsʰɿ
刺	tsʰɿ
差	tsʰɿ
訿	tsʰɿ
莿	tsʰɿ
齒	tsʰɿ
泚	tsʰɿ
蛓	tsʰɿ
䘣	tsʰɿ
㧗	tsʰɿ
鈭	tsʰɿ
呲	tsʰɿ
玼	tsʰɿ
茈	tsʰɿ
跐	tsʰɿ
債	tsa
瘵	tsa
𨝋	tsa
偺	tsa
𠷒	tsa
蔡	tsʰa
釵	tsʰa
蠆	tsʰa
差	tsʰa
傺	tsʰa
礤	tsʰa
再	tsɛ
災	tsɛ
哉	tsɛ
宰	tsɛ
載	tsɛ
栽	tsɛ
齋	tsɛ
齊	tsɛ
儎	tsɛ
采	tsʰɛ
採	tsʰɛ
猜	tsʰɛ
彩	tsʰɛ
菜	tsʰɛ
綵	tsʰɛ
寀	tsʰɛ
揣	tsʰɛ
睬	tsʰɛ
嘬	tsʰɛ
棌	tsʰɛ
𣈄	tsʰɛ
贊	tsɛ̃
斬	tsɛ̃
盞	tsɛ̃
讚	tsɛ̃
瓚	tsɛ̃
桚	tsɛ̃
濺	tsɛ̃
蘸	tsɛ̃
𩎈	tsɛ̃
偡	tsɛ̃
拶	tsɛ̃
產	tsʰɛ̃
剗	tsʰɛ̃
鏟	tsʰɛ̃
懺	tsʰɛ̃
参	tsʰɛ̃
蔘	tsʰɛ̃
餐	tsʰɛ̃
慘	tsʰɛ̃
璨	tsʰɛ̃
燦	tsʰɛ̃
粲	tsʰɛ̃
驂	tsʰɛ̃
摻	tsʰɛ̃
憯	tsʰɛ̃
傪	tsʰɛ̃
⿰虫產	tsʰɛ̃
羼	tsʰɛ̃
攙	tsʰɛ̃
㦃	tsʰɛ̃
隻	tsaʔ
責	tsaʔ
幘	tsaʔ
簀	tsaʔ
扎	tsaʔ
札	tsaʔ
賾	tsaʔ
摘	tsaʔ
謫	tsaʔ
匝	tsaʔ
窄	tsaʔ
劄	tsaʔ
蚱	tsaʔ
茁	tsaʔ
嘖	tsaʔ
紮	tsaʔ
磧	tsaʔ
𪐏	tsaʔ
鉔	tsaʔ
咂	tsaʔ
帀	tsaʔ
咋	tsaʔ
𡇠	tsaʔ
眨	tsaʔ
𠰏	tsaʔ
𪖐	tsaʔ
察	tsʰaʔ
擦	tsʰaʔ
冊	tsʰaʔ
拆	tsʰaʔ
插	tsʰaʔ
笧	tsʰaʔ
歃	tsʰaʔ
喢	tsʰaʔ
鍤	tsʰaʔ
檫	tsʰaʔ
𡍪	tsʰaʔ
坼	tsʰaʔ
㿭	tsʰaʔ
䃰	tsʰaʔ
掙	tsaŋ
𠏫	tsaŋ
撑	tsʰaŋ
瞠	tsʰaŋ
蹚	tsʰaŋ
趟	tsʰaŋ
𩞦	tsʰaŋ
𣛟	tsʰaŋ
早	tsɑu
抓	tsɑu
遭	tsɑu
糟	tsɑu
藻	tsɑu
爪	tsɑu
找	tsɑu
蚤	tsɑu
棗	tsɑu
搔	tsɑu
罩	tsɑu
竈	tsɑu
躁	tsɑu
嘲	tsɑu
笊	tsɑu
螬	tsɑu
澡	tsɑu
瑵	tsɑu
璅	tsɑu
嘈	tsɑu
㷮	tsɑu
草	tsʰɑu
抄	tsʰɑu
操	tsʰɑu
吵	tsʰɑu
炒	tsʰɑu
鈔	tsʰɑu
糙	tsʰɑu
勦	tsʰɑu
噪	tsʰɑu
懆	tsʰɑu
造	tsʰɑu
慥	tsʰɑu
𠞰	tsʰɑu
㭂	tsʰɑu
鏁	tsʰɑu
摷	tsʰɑu
⿱艹樔	tsʰɑu
撬	tsʰɑu
騲	tsʰɑu
繅	tsʰɑu
追	tse
最	tse
醉	tse
隹	tse
惴	tse
槌	tse
搥	tse
錣	tse
贅	tse
綴	tse
錐	tse
鵻	tse
昝	tse
寁	tse
趡	tse
踓	tse
𥳣	tse
䊚	tse
鎚	tse
翠	tsʰe
崔	tsʰe
催	tsʰe
脆	tsʰe
啐	tsʰe
吹	tsʰe
毳	tsʰe
榱	tsʰe
衰	tsʰe
摧	tsʰe
璀	tsʰe
磪	tsʰe
炊	tsʰe
淬	tsʰe
倅	tsʰe
𣯯	tsʰe
鏙	tsʰe
漼	tsʰe
𢂕	tsʰe
橇	tsʰe
側	tsəʔ
則	tsəʔ
昃	tsəʔ
卒	tsəʔ
仄	tsəʔ
𢯩	tsəʔ
鍘	tsəʔ
測	tsʰəʔ
猝	tsʰəʔ
畟	tsʰəʔ
撮	tsʰəʔ
惻	tsʰəʔ
茦	tsʰəʔ
策	tsʰəʔ
𡍫	tsʰəʔ
鏼	tsʰəʔ
蕞	tsʰəʔ
𥳣	tsʰəʔ
捽	tsʰəʔ
簪	tsẽ
𨯩	tsẽ
尊	tsəŋ
睁	tsəŋ
榛	tsəŋ
棦	tsəŋ
錚	tsəŋ
增	tsəŋ
樽	tsəŋ
噌	tsəŋ
遵	tsəŋ
甑	tsəŋ
猙	tsəŋ
筝	tsəŋ
諍	tsəŋ
箴	tsəŋ
憎	tsəŋ
𧮂	tsəŋ
爭	tsəŋ
繒	tsəŋ
蓁	tsəŋ
臻	tsəŋ
怎	tsəŋ
罾	tsəŋ
曾	tsəŋ
撙	tsəŋ
墫	tsəŋ
潧	tsəŋ
琤	tsəŋ
鏳	tsəŋ
崢	tsəŋ
璔	tsəŋ
㬹	tsəŋ
䋫	tsəŋ
寸	tsʰəŋ
村	tsʰəŋ
襯	tsʰəŋ
忖	tsʰəŋ
櫬	tsʰəŋ
嚫	tsʰəŋ
𧭼	tsʰəŋ
刌	tsʰəŋ
走	tsœy
鄒	tsœy
陬	tsœy
掫	tsœy
騶	tsœy
鯫	tsœy
皺	tsœy
縐	tsœy
鄹	tsœy
緅	tsœy
諏	tsœy
甃	tsœy
篘	tsœy
搊	tsœy
𩋄	tsœy
䪮	tsœy
棷	tsœy
㑳	tsœy
奏	tsœy
𨂡	tsœy
䑼	tsœy
𧌗	tsœy
湊	tsʰœy
輳	tsʰœy
趣	tsʰœy
腠	tsʰœy
祭	tsi
濟	tsi
際	tsi
癠	tsi
擠	tsi
齏	tsi
劑	tsi
穧	tsi
躋	tsi
齎	tsi
穄	tsi
泲	tsi
秭	tsi
姊	tsi
漈	tsi
薺	tsi
霽	tsi
嚌	tsi
鱭	tsi
蠐	tsi
𧆌	tsi
妻	tsʰi
淒	tsʰi
砌	tsʰi
萋	tsʰi
悽	tsʰi
𧚤	tsʰi
郪	tsʰi
䀙	tsʰi
緀	tsʰi
棲	tsʰi
姐	tsia
𢲶	tsʰia
者	tsiɛ
借	tsiɛ
且	tsʰiɛ
爵	tsiaʔ
雀	tsiaʔ
爝	tsiaʔ
皭	tsiaʔ
勺	tsiaʔ
妁	tsiaʔ
灼	tsiaʔ
著	tsiaʔ
斫	tsiaʔ
酌	tsiaʔ
扚	tsiaʔ
汋	tsiaʔ
杓	tsiaʔ
圴	tsiaʔ
彴	tsiaʔ
趵	tsiaʔ
釂	tsiaʔ
斮	tsiaʔ
綽	tsʰiaʔ
鵲	tsʰiaʔ
辵	tsʰiaʔ
碏	tsʰiaʔ
猎	tsʰiaʔ
婥	tsʰiaʔ
皵	tsʰiaʔ
將	tsiaŋ
漿	tsiaŋ
螿	tsiaŋ
奬	tsiaŋ
蔣	tsiaŋ
醬	tsiaŋ
痮	tsiaŋ
張	tsiaŋ
長	tsiaŋ
槳	tsiaŋ
帳	tsiaŋ
賬	tsiaŋ
漲	tsiaŋ
𥇔	tsiaŋ
䒂	tsiaŋ
䊢	tsiaŋ
搶	tsʰiaŋ
槍	tsʰiaŋ
蹌	tsʰiaŋ
鏘	tsʰiaŋ
敞	tsʰiaŋ
廠	tsʰiaŋ
瑲	tsʰiaŋ
創	tsʰiaŋ
愴	tsʰiaŋ
悵	tsʰiaŋ
𪁺	tsʰiaŋ
倀	tsʰiaŋ
氅	tsʰiaŋ
昶	tsʰiaŋ
照	tsiɑu
焦	tsiɑu
椒	tsiɑu
噍	tsiɑu
蕉	tsiɑu
燋	tsiɑu
醮	tsiɑu
招	tsiɑu
僬	tsiɑu
釗	tsiɑu
朝	tsiɑu
詔	tsiɑu
沼	tsiɑu
礁	tsiɑu
鷦	tsiɑu
昭	tsiɑu
𥵢	tsiɑu
潐	tsiɑu
嶕	tsiɑu
𦅃	tsiɑu
炤	tsiɑu
瞧	tsiɑu
蘸	tsiɑu
鐎	tsiɑu
超	tsʰiɑu
俏	tsʰiɑu
悄	tsʰiɑu
峭	tsʰiɑu
鍫	tsʰiɑu
怊	tsʰiɑu
帩	tsʰiɑu
即	tsɪʔ
脊	tsɪʔ
癤	tsɪʔ
接	tsɪʔ
節	tsɪʔ
瘠	tsɪʔ
稷	tsɪʔ
積	tsɪʔ
績	tsɪʔ
蹟	tsɪʔ
只	tsɪʔ
折	tsɪʔ
堲	tsɪʔ
唧	tsɪʔ
浙	tsɪʔ
褶	tsɪʔ
晢	tsɪʔ
磧	tsɪʔ
禝	tsɪʔ
蹠	tsɪʔ
勣	tsɪʔ
汁	tsɪʔ
炙	tsɪʔ
跖	tsɪʔ
騭	tsɪʔ
𧋍	tsɪʔ
楫	tsɪʔ
摺	tsɪʔ
鶺	tsɪʔ
踖	tsɪʔ
職	tsɪʔ
織	tsɪʔ
執	tsɪʔ
蓻	tsɪʔ
鯽	tsɪʔ
縶	tsɪʔ
蟄	tsɪʔ
哲	tsɪʔ
質	tsɪʔ
魙	tsɪʔ
櫛	tsɪʔ
鑕	tsɪʔ
䉗	tsɪʔ
櫍	tsɪʔ
磔	tsɪʔ
𡂒	tsɪʔ
𩧄	tsɪʔ
䜠	tsɪʔ
揤	tsɪʔ
陟	tsɪʔ
㘍	tsɪʔ
切	tsʰɪʔ
七	tsʰɪʔ
妾	tsʰɪʔ
戚	tsʰɪʔ
漆	tsʰɪʔ
竊	tsʰɪʔ
徹	tsʰɪʔ
飭	tsʰɪʔ
叱	tsʰɪʔ
斥	tsʰɪʔ
慼	tsʰɪʔ
緝	tsʰɪʔ
敕	tsʰɪʔ
撤	tsʰɪʔ
轍	tsʰɪʔ
尺	tsʰɪʔ
赤	tsʰɪʔ
刺	tsʰɪʔ
輙	tsʰɪʔ
彳	tsʰɪʔ
葺	tsʰɪʔ
椄	tsʰɪʔ
淁	tsʰɪʔ
鯜	tsʰɪʔ
磩	tsʰɪʔ
澈	tsʰɪʔ
屮	tsʰɪʔ
㯃	tsʰɪʔ
剪	tsĩ
顫	tsĩ
占	tsĩ
沾	tsĩ
霑	tsĩ
詹	tsĩ
羶	tsĩ
颭	tsĩ
戩	tsĩ
襜	tsĩ
鬋	tsĩ
薦	tsĩ
皽	tsĩ
籛	tsĩ
邅	tsĩ
氈	tsĩ
尖	tsĩ
煎	tsĩ
佔	tsĩ
箭	tsĩ
旃	tsĩ
鸇	tsĩ
苫	tsĩ
饘	tsĩ
瞻	tsĩ
洊	tsĩ
餞	tsĩ
僭	tsĩ
戰	tsĩ
牮	tsĩ
箋	tsĩ
譫	tsĩ
漸	tsĩ
展	tsĩ
覘	tsĩ
輾	tsĩ
𦺍	tsĩ
𥭔	tsĩ
搌	tsĩ
韉	tsĩ
䪜	tsĩ
䠨	tsĩ
䀡	tsĩ
戔	tsĩ
㨵	tsĩ
湔	tsĩ
濺	tsĩ
千	tsʰĩ
仟	tsʰĩ
芊	tsʰĩ
僉	tsʰĩ
簽	tsʰĩ
淺	tsʰĩ
蒨	tsʰĩ
倩	tsʰĩ
籤	tsʰĩ
韆	tsʰĩ
諂	tsʰĩ
闡	tsʰĩ
阡	tsʰĩ
茜	tsʰĩ
蕆	tsʰĩ
遷	tsʰĩ
棈	tsʰĩ
塹	tsʰĩ
槧	tsʰĩ
汘	tsʰĩ
纖	tsʰĩ
鑯	tsʰĩ
扦	tsʰĩ
𢳍	tsʰĩ
進	tsiŋ
津	tsiŋ
旌	tsiŋ
晶	tsiŋ
睛	tsiŋ
精	tsiŋ
井	tsiŋ
浸	tsiŋ
晉	tsiŋ
縉	tsiŋ
正	tsiŋ
診	tsiŋ
證	tsiŋ
薽	tsiŋ
甄	tsiŋ
征	tsiŋ
鍼	tsiŋ
偵	tsiŋ
楨	tsiŋ
袗	tsiŋ
枕	tsiŋ
菁	tsiŋ
斟	tsiŋ
畛	tsiŋ
疹	tsiŋ
卺	tsiŋ
軫	tsiŋ
寖	tsiŋ
癥	tsiŋ
徵	tsiŋ
縝	tsiŋ
紾	tsiŋ
政	tsiŋ
抮	tsiŋ
藎	tsiŋ
𤸲	tsiŋ
拯	tsiŋ
搢	tsiŋ
真	tsiŋ
禎	tsiŋ
貞	tsiŋ
整	tsiŋ
砧	tsiŋ
珍	tsiŋ
鬒	tsiŋ
腈	tsiŋ
𤇏	tsiŋ
蒸	tsiŋ
鉦	tsiŋ
症	tsiŋ
眐	tsiŋ
佂	tsiŋ
槙	tsiŋ
親	tsʰiŋ
靑	tsʰiŋ
寢	tsʰiŋ
請	tsʰiŋ
淸	tsʰiŋ
趁	tsʰiŋ
逞	tsʰiŋ
騁	tsʰiŋ
頳	tsʰiŋ
駸	tsʰiŋ
蜻	tsʰiŋ
稱	tsʰiŋ
侵	tsʰiŋ
鯖	tsʰiŋ
檉	tsʰiŋ
蟶	tsʰiŋ
䞓	tsʰiŋ
㵾	tsʰiŋ
鶄	tsʰiŋ
酒	tsiu
晝	tsiu
周	tsiu
賙	tsiu
啁	tsiu
帚	tsiu
州	tsiu
肘	tsiu
洲	tsiu
咒	tsiu
週	tsiu
盩	tsiu
舟	tsiu
䖞	tsiu
𦭸	tsiu
烐	tsiu
祝	tsiu
箒	tsiu
侜	tsiu
𥑸	tsiu
秋	tsʰiu
偢	tsʰiu
揪	tsʰiu
鞦	tsʰiu
醜	tsʰiu
抽	tsʰiu
湫	tsʰiu
丑	tsʰiu
鰌	tsʰiu
鶖	tsʰiu
瘳	tsʰiu
楸	tsʰiu
蝵	tsʰiu
䐐	tsʰiu
啾	tsʰiu
愀	tsʰiu
魗	tsʰiu
做	tso
左	tso
佐	tso
袏	tso
磋	tsʰo
搓	tsʰo
挫	tsʰo
剉	tsʰo
蹉	tsʰo
銼	tsʰo
脞	tsʰo
蓌	tsʰo
嵯	tsʰo
溠	tsʰo
䂳	tsʰo
矬	tsʰo
瑳	tsʰo
醝	tsʰo
莝	tsʰo
縒	tsʰo
𢚂	tsʰo
䟶	tsʰo
侳	tsʰo
捉	tsoʔ
足	tsoʔ
作	tsoʔ
筰	tsoʔ
鋜	tsoʔ
促	tsʰoʔ
顣	tsʰoʔ
蹙	tsʰoʔ
醋	tsʰoʔ
錯	tsʰoʔ
矠	tsʰoʔ
簇	tsʰoʔ
鏃	tsʰoʔ
踧	tsʰoʔ
蔟	tsʰoʔ
蹴	tsʰoʔ
戳	tsʰoʔ
嗾	tsʰoʔ
趗	tsʰoʔ
噈	tsʰoʔ
䃚	tsʰoʔ
𢳇	tsʰoʔ
𥳛	tsʰoʔ
總	tsoŋ
葼	tsoŋ
宗	tsoŋ
踪	tsoŋ
鬃	tsoŋ
縱	tsoŋ
糉	tsoŋ
綜	tsoŋ
椶	tsoŋ
琮	tsoŋ
悰	tsoŋ
鍐	tsoŋ
㨑	tsoŋ
緵	tsoŋ
豵	tsoŋ
𥓻	tsoŋ
驄	tsoŋ
騣	tsoŋ
螽	tsoŋ
𨍈	tsoŋ
聰	tsʰoŋ
怱	tsʰoŋ
葱	tsʰoŋ
鏦	tsʰoŋ
從	tsʰoŋ
𤧚	tsʰoŋ
囪	tsʰoŋ
𦝰	tsʰoŋ
揔	tsʰoŋ
𥈝	tsʰoŋ
詐	tsɔ
蔗	tsɔ
醡	tsɔ
渣	tsɔ
樜	tsɔ
皻	tsɔ
柘	tsɔ
樝	tsɔ
遮	tsɔ
担	tsɔ
迮	tsɔ
榨	tsɔ
嗻	tsɔ
炸	tsɔ
𨰵	tsɔ
岔	tsʰɔ
叉	tsʰɔ
詫	tsʰɔ
扠	tsʰɔ
差	tsʰɔ
瘥	tsʰɔ
咤	tsʰɔ
杈	tsʰɔ
汊	tsʰɔ
⿰氵岔	tsʰɔ
衩	tsʰɔ
車	tsʰɔ
喌	tsɔʔ
髑	tsʰɔʔ
臅	tsʰɔʔ
莊	tsɔŋ
粧	tsɔŋ
裝	tsɔŋ
臧	tsɔŋ
贜	tsɔŋ
葬	tsɔŋ
𨌄	tsɔŋ
髒	tsɔŋ
𣴣	tsɔŋ
焋	tsɔŋ
𢈜	tsɔŋ
銺	tsɔŋ
𤞛	tsɔŋ
倉	tsʰɔŋ
滄	tsʰɔŋ
蒼	tsʰɔŋ
䱽	tsʰɔŋ
瘡	tsʰɔŋ
艙	tsʰɔŋ
賶	tsʰɔŋ
鶬	tsʰɔŋ
䅮	tsʰɔŋ
鑽	tsø̃
㺑	tsø̃
竄	tsʰø̃
篡	tsʰø̃
爨	tsʰø̃
攛	tsʰø̃
租	tsu
祖	tsu
阻	tsu
柤	tsu
怚	tsu
狙	tsu
俎	tsu
𦳏	tsu
組	tsu
駔	tsu
初	tsʰu
粗	tsʰu
楚	tsʰu
錯	tsʰu
措	tsʰu
醋	tsʰu
芻	tsʰu
礎	tsʰu
厝	tsʰu
瘄	tsʰu
䥄	tsʰu
𤛏	tsʰu
都	tu
堵	tu
賭	tu
睹	tu
妬	tu
斁	tu
闍	tu
蠹	tu
琽	tu
𠣰	tu
䐗	tu
土	tʰu
吐	tʰu
兔	tʰu
菟	tʰu
芏	tʰu
靯	tʰu
烏	u
汚	u
鄔	u
惡	u
嗚	u
塢	u
洿	u
杇	u
釫	u
瑦	u
熓	u
於	y
竽	y
盂	y
飫	y
紆	y
淤	y
迂	y
釪	y
瘀	y
玗	y
盱	y
衧	y
邘	y
䩒	y
骬	y
菸	y
于	y
𢺴	yɪʔ
菀	yɪʔ
慍	yiŋ
縕	yiŋ
韞	yiŋ
氳	yiŋ
蘊	yiŋ
熅	yiŋ
瑥	yiŋ
𩥈	yiŋ
𥠺	yiŋ
馧	yiŋ
蝹	yiŋ
宛	ũ
腕	ũ
剜	ũ
婉	ũ
莞	ũ
碗	ũ
䛄	ũ
涴	ũ
綩	ũ
箢	ũ
䝹	ũ
踠	ũ
䡝	ũ
豌	ũ
椀	ũ
怨	ỹ
苑	ỹ
寃	ỹ
眢	ỹ
淵	ỹ
鴛	ỹ
𩌑	ỹ
葾	ỹ
㠾	ỹ
亞	yɔ
鴉	yɔ
啞	yɔ
迓	yɔ
婭	yɔ
瘂	yɔ
訝	yɔ
𨓴	yɔ
䃁	yɔ
釾	yɔ
玡	yɔ
錏	yɔ
椏	yɔ
郁	yɔʔ
燠	yɔʔ
澳	yɔʔ
彧	yɔʔ
菀	yɔʔ
薁	yɔʔ
鬱	yɔʔ
𨪎	yɔʔ
灪	yɔʔ
䉛	yɔʔ
永	yoŋ
泳	yoŋ
詠	yoŋ
雍	yoŋ
雝	yoŋ
癰	yoŋ
俑	yoŋ
饔	yoŋ
甬	yoŋ
踊	yoŋ
湧	yoŋ
慂	yoŋ
𧗴	yoŋ
壅	yoŋ
擁	yoŋ
勇	yoŋ
𦨤	yoŋ
䗸	yoŋ
邕	yoŋ
𩌋	yoŋ
塎	yoŋ
郺	yoŋ
伐	vaʔ
乏	vaʔ
罰	vaʔ
筏	vaʔ
栰	vaʔ
閥	vaʔ
𤇰	vaʔ
茷	vaʔ
垡	vaʔ
萬	vɛ̃
凡	vɛ̃
煩	vɛ̃
繁	vɛ̃
礬	vɛ̃
燔	vɛ̃
藩	vɛ̃
犯	vɛ̃
范	vɛ̃
飯	vɛ̃
晩	vɛ̃
範	vɛ̃
帆	vɛ̃
蘩	vɛ̃
蠜	vɛ̃
樊	vɛ̃
籓	vɛ̃
𥶋	vɛ̃
蕃	vɛ̃
轓	vɛ̃
䮳	vɛ̃
薠	vɛ̃
蹯	vɛ̃
⿱勿會	ve
佛	vəʔ
物	vəʔ
鉘	vəʔ
伆	vəʔ
文	vəŋ
聞	vəŋ
忿	vəŋ
分	vəŋ
份	vəŋ
紊	vəŋ
汶	vəŋ
賁	vəŋ
焚	vəŋ
紋	vəŋ
棼	vəŋ
蚊	vəŋ
汾	vəŋ
鼢	vəŋ
蕡	vəŋ
吻	vəŋ
脗	vəŋ
抆	vəŋ
憤	vəŋ
問	vəŋ
墳	vəŋ
鐼	vəŋ
玟	vəŋ
馼	vəŋ
炆	vəŋ
刎	vəŋ
坌	vəŋ
浮	vœy
蜉	vœy
阜	vœy
䘀	vœy
罘	vœy
復	vœy
缶	vœy
負	vœy
芣	vœy
𧊦	vœy
峊	vœy
烰	vœy
珤	vœy
維	vi
惟	vi
肥	vi
薇	vi
未	vi
唯	vi
菋	vi
微	vi
尾	vi
亹	vi
吠	vi
味	vi
㭑	vi
鮇	vi
紎	vi
娓	vi
浘	vi
伏	voʔ
服	voʔ
袱	voʔ
茯	voʔ
復	voʔ
𩢰	voʔ
栿	voʔ
洑	voʔ
絥	voʔ
垘	voʔ
鰒	voʔ
馮	voŋ
逢	voŋ
縫	voŋ
奉	voŋ
鳳	voŋ
䩼	voŋ
房	vɔŋ
亡	vɔŋ
罔	vɔŋ
妄	vɔŋ
網	vɔŋ
望	vɔŋ
魍	vɔŋ
惘	vɔŋ
忘	vɔŋ
菵	vɔŋ
輞	vɔŋ
魴	vɔŋ
輔	vu
扶	vu
無	vu
符	vu
芙	vu
蚨	vu
腐	vu
舞	vu
武	vu
務	vu
父	vu
附	vu
霧	vu
婦	vu
賻	vu
碔	vu
巫	vu
侮	vu
鵡	vu
駙	vu
袝	vu
騖	vu
婺	vu
誣	vu
鳬	vu
廡	vu
夫	vu
蕪	vu
毋	vu
苻	vu
鉜	vu
璑	vu
戊	vu
亡	vu
无	vu
孬	ua
懷	ɦuɛ
槐	ɦuɛ
壞	ɦuɛ
外	ɦuɛ
淮	ɦuɛ
瀤	ɦuɛ
櫰	ɦuɛ
𡃩	uɛ
還	ɦuɛ̃
患	ɦuɛ̃
擐	ɦuɛ̃
鬟	ɦuɛ̃
𨷤	ɦuɛ̃
圜	ɦuɛ̃
鐶	ɦuɛ̃
寰	ɦuɛ̃
環	ɦuɛ̃
澴	ɦuɛ̃
繯	ɦuɛ̃
𣟴	ɦuɛ̃
挽	uɛ̃
灣	uɛ̃
輓	uɛ̃
彎	uɛ̃
綰	uɛ̃
捾	uɛ̃
帵	uɛ̃
娩	uɛ̃
滑	ɦuaʔ
猾	ɦuaʔ
畫	ɦuaʔ
劃	ɦuaʔ
繣	ɦuaʔ
𢄶	ɦuaʔ
嫿	ɦuaʔ
㗲	ɦuaʔ
挖	uaʔ
揠	uaʔ
斡	uaʔ
䯉	uaʔ
穵	uaʔ
撗	ɦuaŋ
會	ɦue
滙	ɦue
幃	ɦue
茴	ɦue
囘	ɦue
韋	ɦue
圍	ɦue
違	ɦue
帷	ɦue
蛔	ɦue
迴	ɦue
葦	ɦue
惠	ɦue
胃	ɦue
爲	ɦue
彗	ɦue
彙	ɦue
衛	ɦue
位	ɦue
緯	ɦue
洄	ɦue
遺	ɦue
蝟	ɦue
瑋	ɦue
禕	ɦue
闈	ɦue
繪	ɦue
偉	ɦue
恚	ɦue
蕙	ɦue
慧	ɦue
謂	ɦue
璯	ɦue
渭	ɦue
洧	ɦue
桅	ɦue
蔿	ɦue
痏	ɦue
鮪	ɦue
烠	ɦue
椲	ɦue
湋	ɦue
鄬	ɦue
撝	ɦue
喡	ɦue
韙	ɦue
囗	ɦue
猬	ɦue
鮰	ɦue
威	ue
煨	ue
委	ue
畏	ue
慰	ue
穢	ue
尉	ue
薈	ue
萎	ue
諉	ue
喂	ue
熨	ue
偎	ue
葳	ue
猥	ue
痿	ue
餧	ue
螱	ue
隈	ue
唯	ue
蔚	ue
揋	ue
椳	ue
碨	ue
錗	ue
㖐	ue
逶	ue
活	ɦuəʔ
囫	ɦuəʔ
砉	ɦuəʔ
𣼤	ɦuəʔ
𤎃	ɦuəʔ
騞	ɦuəʔ
𩑦	uəʔ
魂	ɦuəŋ
渾	ɦuəŋ
餛	ɦuəŋ
混	ɦuəŋ
橫	ɦuəŋ
溷	ɦuəŋ
慁	ɦuəŋ
㨡	ɦuəŋ
㮯	ɦuəŋ
𦞢	ɦuəŋ
諢	ɦuəŋ
溫	uəŋ
瘟	uəŋ
穩	uəŋ
殟	uəŋ
搵	uəŋ
薀	uəŋ
話	ɦuɔ
華	ɦuɔ
畫	ɦuɔ
驊	ɦuɔ
鏵	ɦuɔ
䅿	ɦuɔ
鷨	ɦuɔ
蛙	uɔ
划	uɔ
娃	uɔ
哇	uɔ
洼	uɔ
窳	uɔ
搲	uɔ
蝸	uɔ
王	ɦuɔŋ
皇	ɦuɔŋ
黃	ɦuɔŋ
凰	ɦuɔŋ
蝗	ɦuɔŋ
磺	ɦuɔŋ
惶	ɦuɔŋ
徨	ɦuɔŋ
遑	ɦuɔŋ
煌	ɦuɔŋ
篁	ɦuɔŋ
旺	ɦuɔŋ
㾮	ɦuɔŋ
湟	ɦuɔŋ
潢	ɦuɔŋ
喤	ɦuɔŋ
隍	ɦuɔŋ
䌙	ɦuɔŋ
簧	ɦuɔŋ
𨝴	ɦuɔŋ
獚	ɦuɔŋ
媓	ɦuɔŋ
鰉	ɦuɔŋ
鐄	ɦuɔŋ
璜	ɦuɔŋ
蟥	ɦuɔŋ
汪	uɔŋ
枉	uɔŋ
往	uɔŋ
尩	uɔŋ
𥆚	uɔŋ
尢	uɔŋ
胡	ɦu
矱	ɦu
瓠	ɦu
乎	ɦu
猢	ɦu
護	ɦu
頀	ɦu
瑚	ɦu
湖	ɦu
壺	ɦu
狐	ɦu
弧	ɦu
鬍	ɦu
岵	ɦu
扈	ɦu
滬	ɦu
餬	ɦu
葫	ɦu
糊	ɦu
五	ɦu
伍	ɦu
怙	ɦu
濩	ɦu
穫	ɦu
𧙖	ɦu
醐	ɦu
鶘	ɦu
戸	ɦu
午	ɦu
䤣	ɦu
䉿	ɦu
𤝘	ɦu
忤	ɦu
㕶	ɦu
蝴	ɦu
衚	ɦu
緩	ɦũ
桓	ɦũ
完	ɦũ
丸	ɦũ
垣	ɦũ
浣	ɦũ
換	ɦũ
紈	ɦũ
逭	ɦũ
萑	ɦũ
綄	ɦũ
捖	ɦũ
𥹳	ɦũ
鋎	ɦũ
晥	ɦũ
烷	ɦũ
𧚁	ɦũ
垸	ɦũ
皖	ɦũ
移	ɦi
夷	ɦi
匜	ɦi
貤	ɦi
奚	ɦi
痍	ɦi
遺	ɦi
係	ɦi
肄	ɦi
異	ɦi
易	ɦi
圯	ɦi
系	ɦi
義	ɦi
繫	ɦi
兮	ɦi
蹊	ɦi
徯	ɦi
畦	ɦi
貽	ɦi
眭	ɦi
飴	ɦi
盻	ɦi
以	ɦi
已	ɦi
苡	ɦi
泄	ɦi
頤	ɦi
攜	ɦi
咦	ɦi
怡	ɦi
迤	ɦi
詒	ɦi
矣	ɦi
𥹞	ɦi
扅	ɦi
彜	ɦi
姨	ɦi
余	ɦi
胰	ɦi
呭	ɦi
曳	ɦi
眙	ɦi
⿰瓦台	ɦi
𣻗	ɦi
螇	ɦi
鮭	ɦi
膎	ɦi
鞵	ɦi
鮧	ɦi
跠	ɦi
笖	ɦi
𢂒	ɦi
勩	ɦi
匸	ɦi
㕽	ɦi
𠯋	ɦi
拽	ɦi
爺	ɦia
也	ɦiɛ
薤	ɦiɛ
廨	ɦiɛ
厓	ɦiɛ
崖	ɦiɛ
涯	ɦiɛ
椰	ɦiɛ
耶	ɦiɛ
骸	ɦiɛ
睚	ɦiɛ
夜	ɦiɛ
冶	ɦiɛ
械	ɦiɛ
懈	ɦiɛ
𧌊	ɦiɛ
諧	ɦiɛ
邂	ɦiɛ
䤳	ɦiɛ
捱	ɦiɛ
𪘬	ɦiɛ
捓	ɦiɛ
琊	ɦiɛ
𩸾	ɦiɛ
啀	ɦiɛ
䉏	ɦiɛ
埃	ɦiɛ
娾	ɦiɛ
藥	ɦiaʔ
瀹	ɦiaʔ
鑰	ɦiaʔ
洽	ɦiaʔ
躍	ɦiaʔ
龠	ɦiaʔ
籥	ɦiaʔ
禴	ɦiaʔ
協	ɦiaʔ
挾	ɦiaʔ
柙	ɦiaʔ
俠	ɦiaʔ
狹	ɦiaʔ
狎	ɦiaʔ
叶	ɦiaʔ
𩉾	ɦiaʔ
爚	ɦiaʔ
𧕋	ɦiaʔ
蘥	ɦiaʔ
烚	ɦiaʔ
匣	ɦiaʔ
羊	ɦiaŋ
佯	ɦiaŋ
洋	ɦiaŋ
徉	ɦiaŋ
陽	ɦiaŋ
揚	ɦiaŋ
暘	ɦiaŋ
煬	ɦiaŋ
楊	ɦiaŋ
樣	ɦiaŋ
恙	ɦiaŋ
癢	ɦiaŋ
懩	ɦiaŋ
颺	ɦiaŋ
瘍	ɦiaŋ
養	ɦiaŋ
漾	ɦiaŋ
𩋬	ɦiaŋ
鰑	ɦiaŋ
𦭵	ɦiaŋ
婸	ɦiaŋ
垟	ɦiaŋ
烊	ɦiaŋ
搖	ɦiɑu
遙	ɦiɑu
瑤	ɦiɑu
謠	ɦiɑu
爻	ɦiɑu
姚	ɦiɑu
窰	ɦiɑu
効	ɦiɑu
耀	ɦiɑu
效	ɦiɑu
斆	ɦiɑu
陶	ɦiɑu
徭	ɦiɑu
淆	ɦiɑu
校	ɦiɑu
鷂	ɦiɑu
颻	ɦiɑu
蘨	ɦiɑu
樂	ɦiɑu
餚	ɦiɑu
猺	ɦiɑu
傚	ɦiɑu
鎐	ɦiɑu
𧎼	ɦiɑu
媱	ɦiɑu
珧	ɦiɑu
亦	ɦɪʔ
葉	ɦɪʔ
易	ɦɪʔ
佾	ɦɪʔ
逸	ɦɪʔ
譯	ɦɪʔ
頁	ɦɪʔ
驛	ɦɪʔ
弋	ɦɪʔ
蜴	ɦɪʔ
懌	ɦɪʔ
斁	ɦɪʔ
軼	ɦɪʔ
溢	ɦɪʔ
腋	ɦɪʔ
頡	ɦɪʔ
佚	ɦɪʔ
釴	ɦɪʔ
䘸	ɦɪʔ
絜	ɦɪʔ
歝	ɦɪʔ
場	ɦɪʔ
泆	ɦɪʔ
鎰	ɦɪʔ
骮	ɦɪʔ
液	ɦɪʔ
奕	ɦɪʔ
翌	ɦɪʔ
掖	ɦɪʔ
燁	ɦɪʔ
檄	ɦɪʔ
翼	ɦɪʔ
覡	ɦɪʔ
繹	ɦɪʔ
棭	ɦɪʔ
𤥿	ɦɪʔ
㑊	ɦɪʔ
焲	ɦɪʔ
㘁	ɦɪʔ
擷	ɦɪʔ
現	ɦĩ
延	ɦĩ
言	ɦĩ
弦	ɦĩ
絃	ɦĩ
筵	ɦĩ
賢	ɦĩ
咸	ɦĩ
簷	ɦĩ
鹹	ɦĩ
沿	ɦĩ
焰	ɦĩ
雁	ɦĩ
豔	ɦĩ
晛	ɦĩ
泫	ɦĩ
衍	ɦĩ
鹽	ɦĩ
函	ɦĩ
嫻	ɦĩ
焉	ɦĩ
鳶	ɦĩ
閻	ɦĩ
蜒	ɦĩ
兗	ɦĩ
吮	ɦĩ
閒	ɦĩ
閑	ɦĩ
限	ɦĩ
眼	ɦĩ
扊	ɦĩ
炎	ɦĩ
演	ɦĩ
顏	ɦĩ
哯	ɦĩ
唌	ɦĩ
陷	ɦĩ
贋	ɦĩ
鉛	ɦĩ
蝝	ɦĩ
燄	ɦĩ
峴	ɦĩ
䀽	ɦĩ
烻	ɦĩ
睍	ɦĩ
鋋	ɦĩ
㘖	ɦĩ
炫	ɦĩ
俔	ɦĩ
餡	ɦĩ
引	ɦiŋ
行	ɦiŋ
刑	ɦiŋ
寅	ɦiŋ
淫	ɦiŋ
營	ɦiŋ
盈	ɦiŋ
幸	ɦiŋ
胤	ɦiŋ
悻	ɦiŋ
倖	ɦiŋ
孕	ɦiŋ
蚓	ɦiŋ
媵	ɦiŋ
贏	ɦiŋ
灜	ɦiŋ
楹	ɦiŋ
廴	ɦiŋ
頴	ɦiŋ
霪	ɦiŋ
郢	ɦiŋ
形	ɦiŋ
嬴	ɦiŋ
夤	ɦiŋ
杏	ɦiŋ
型	ɦiŋ
鉶	ɦiŋ
烆	ɦiŋ
紖	ɦiŋ
䏖	ɦiŋ
荇	ɦiŋ
邢	ɦiŋ
有	ɦiu
尤	ɦiu
由	ɦiu
游	ɦiu
猶	ɦiu
油	ɦiu
誘	ɦiu
酉	ɦiu
右	ɦiu
佑	ɦiu
蕕	ɦiu
蝣	ɦiu
疣	ɦiu
莠	ɦiu
宥	ɦiu
囿	ɦiu
羑	ɦiu
友	ɦiu
𠩚	ɦiu
泅	ɦiu
犹	ɦiu
魷	ɦiu
輶	ɦiu
卣	ɦiu
遊	ɦiu
猷	ɦiu
鯈	ɦiu
槱	ɦiu
蚰	ɦiu
牖	ɦiu
㾞	ɦiu
楢	ɦiu
斿	ɦiu
郵	ɦiu
侑	ɦiu
又	ɦiu
褎	ɦiu
鼬	ɦiu
䅎	ɦiu
酋	ɦiu
遒	ɦiu
雨	ɦy
漁	ɦy
餘	ɦy
榆	ɦy
逾	ɦy
愈	ɦy
與	ɦy
羽	ɦy
喩	ɦy
預	ɦy
諭	ɦy
余	ɦy
予	ɦy
裕	ɦy
譽	ɦy
窬	ɦy
萸	ɦy
藇	ɦy
瑜	ɦy
瘉	ɦy
臾	ɦy
庾	ɦy
渝	ɦy
愉	ɦy
腴	ɦy
禹	ɦy
豫	ɦy
蕷	ɦy
雩	ɦy
踰	ɦy
畬	ɦy
諛	ɦy
妤	ɦy
魚	ɦy
宇	ɦy
蝓	ɦy
輿	ɦy
籲	ɦy
腧	ɦy
𢍄	ɦy
歟	ɦy
覦	ɦy
鱮	ɦy
芋	ɦy
毹	ɦy
月	ɦyɪʔ
穴	ɦyɪʔ
悅	ɦyɪʔ
越	ɦyɪʔ
粵	ɦyɪʔ
鉞	ɦyɪʔ
閱	ɦyɪʔ
樾	ɦyɪʔ
刖	ɦyɪʔ
聿	ɦyɪʔ
矞	ɦyɪʔ
遹	ɦyɪʔ
鷸	ɦyɪʔ
霱	ɦyɪʔ
軏	ɦyɪʔ
璚	ɦyɪʔ
鐍	ɦyɪʔ
䟠	ɦyɪʔ
燏	ɦyɪʔ
瞲	ɦyɪʔ
銉	ɦyɪʔ
䋖	ɦyɪʔ
泬	ɦyɪʔ
㧒	ɦyɪʔ
抈	ɦyɪʔ
云	ɦyiŋ
芸	ɦyiŋ
勻	ɦyiŋ
紜	ɦyiŋ
雲	ɦyiŋ
惲	ɦyiŋ
允	ɦyiŋ
玧	ɦyiŋ
運	ɦyiŋ
暈	ɦyiŋ
韻	ɦyiŋ
耘	ɦyiŋ
筠	ɦyiŋ
殞	ɦyiŋ
尹	ɦyiŋ
隕	ɦyiŋ
鋆	ɦyiŋ
呁	ɦyiŋ
𧥺	ɦyiŋ
馻	ɦyiŋ
𧉃	ɦyiŋ
荺	ɦyiŋ
遠	ɦỹ
員	ɦỹ
袁	ɦỹ
園	ɦỹ
猿	ɦỹ
圓	ɦỹ
緣	ɦỹ
轅	ɦỹ
玄	ɦỹ
院	ɦỹ
縣	ɦỹ
衒	ɦỹ
湲	ɦỹ
爰	ɦỹ
鉉	ɦỹ
眩	ɦỹ
薳	ɦỹ
懸	ɦỹ
媛	ɦỹ
援	ɦỹ
瑗	ɦỹ
褑	ɦỹ
鍰	ɦỹ
鶢	ɦỹ
櫞	ɦỹ
下	ɦyɔ
牙	ɦyɔ
夏	ɦyɔ
赮	ɦyɔ
芽	ɦyɔ
蕸	ɦyɔ
遐	ɦyɔ
厦	ɦyɔ
暇	ɦyɔ
瑕	ɦyɔ
雅	ɦyɔ
霞	ɦyɔ
騢	ɦyɔ
鰕	ɦyɔ
瓦	ɦyɔ
齖	ɦyɔ
疫	ɦyoʔ
粥	ɦyoʔ
欲	ɦyoʔ
樂	ɦyoʔ
慾	ɦyoʔ
曰	ɦyoʔ
罭	ɦyoʔ
浴	ɦyoʔ
役	ɦyoʔ
域	ɦyoʔ
煜	ɦyoʔ
昱	ɦyoʔ
閾	ɦyoʔ
棫	ɦyoʔ
毓	ɦyoʔ
鷽	ɦyoʔ
鬻	ɦyoʔ
壆	ɦyoʔ
學	ɦyoʔ
𩎹	ɦyoʔ
𩋉	ɦyoʔ
緎	ɦyoʔ
𢃎	ɦyoʔ
鵒	ɦyoʔ
育	ɦyɔʔ
蜟	ɦyɔʔ
錥	ɦyɔʔ
𰕎	ɦyɔʔ
榮	ɦyoŋ
容	ɦyoŋ
庸	ɦyoŋ
雄	ɦyoŋ
熊	ɦyoŋ
傭	ɦyoŋ
用	ɦyoŋ
榕	ɦyoŋ
慵	ɦyoŋ
溶	ɦyoŋ
嶸	ɦyoŋ
蓉	ɦyoŋ
融	ɦyoŋ
螢	ɦyoŋ
鎔	ɦyoŋ
塋	ɦyoŋ
縈	ɦyoŋ
瀠	ɦyoŋ
瑩	ɦyoŋ
墉	ɦyoŋ
搈	ɦyoŋ
𪃾	ɦyoŋ
瑢	ɦyoŋ
傛	ɦyoŋ
是	zɿ
匙	zɿ
巳	zɿ
士	zɿ
市	zɿ
仕	zɿ
字	zɿ
自	zɿ
似	zɿ
寺	zɿ
事	zɿ
祀	zɿ
氏	zɿ
諡	zɿ
噬	zɿ
恃	zɿ
涘	zɿ
兕	zɿ
姒	zɿ
視	zɿ
柿	zɿ
諟	zɿ
豉	zɿ
食	zɿ
誓	zɿ
示	zɿ
嗜	zɿ
耜	zɿ
逝	zɿ
汜	zɿ
時	zɿ
鰣	zɿ
榯	zɿ
蒔	zɿ
俟	zɿ
舐	zɿ
溡	zɿ
塒	zɿ
⿰口士	zɿ
㖷	zɿ
柴	za
寨	za
𡍥	za
砦	za
材	zɛ
閘	zaʔ
煠	zaʔ
牐	zaʔ
𡮦	zɑu
臑	zɑu
隨	ze
蚋	ze
邃	ze
燧	ze
陲	ze
蘂	ze
垂	ze
隋	ze
穗	ze
萃	ze
粹	ze
隧	ze
穟	ze
罪	ze
誰	ze
箠	ze
瘁	ze
瑞	ze
睟	ze
悴	ze
銳	ze
遂	ze
睡	ze
睿	ze
襚	ze
錘	ze
棰	ze
捶	ze
倕	ze
錊	ze
檖	ze
繠	ze
蠶	zẽ
鏨	zẽ
𨅔	zẽ
層	zəŋ
徐	zi
墅	zi
謝	zia
斜	ziɛ
邪	ziɛ
謝	ziɛ
榭	ziɛ
籍	ziɛ
射	ziɛ
㴬	ziɛ
𧎭	ziɛ
弱	ziaʔ
芍	ziaʔ
嚼	ziaʔ
蒻	ziaʔ
若	ziaʔ
楉	ziaʔ
像	ziaŋ
讓	ziaŋ
牆	ziaŋ
檣	ziaŋ
橡	ziaŋ
象	ziaŋ
禳	ziaŋ
薔	ziaŋ
穰	ziaŋ
壤	ziaŋ
嬙	ziaŋ
蟓	ziaŋ
𥗝	ziaŋ
嚷	ziaŋ
兆	ziɑu
旐	ziɑu
邵	ziɑu
樵	ziɑu
譙	ziɑu
蕘	ziɑu
肇	ziɑu
憔	ziɑu
紹	ziɑu
韶	ziɑu
橈	ziɑu
擾	ziɑu
繞	ziɑu
𢝊	ziɑu
鐎	ziɑu
舌	zɪʔ
食	zɪʔ
蝕	zɪʔ
夕	zɪʔ
籍	zɪʔ
石	zɪʔ
蓆	zɪʔ
截	zɪʔ
鼫	zɪʔ
射	zɪʔ
碩	zɪʔ
穸	zɪʔ
席	zɪʔ
鉐	zɪʔ
䖨	zɪʔ
𦁎	zɪʔ
䟷	zɪʔ
染	zĩ
苒	zĩ
髯	zĩ
冉	zĩ
蟾	zĩ
珃	zĩ
盛	ziŋ
甚	ziŋ
任	ziŋ
恁	ziŋ
飪	ziŋ
荏	ziŋ
葚	ziŋ
袵	ziŋ
稔	ziŋ
樳	ziŋ
靖	ziŋ
潯	ziŋ
𦅀	ziŋ
𥳍	ziŋ
淨	ziŋ
尋	ziŋ
靜	ziŋ
晴	ziŋ
繩	ziŋ
撏	ziŋ
澠	ziŋ
受	ziu
授	ziu
壽	ziu
蹂	ziu
袖	ziu
柔	ziu
綬	ziu
揉	ziu
禸	ziu
𥠊	ziu
𦎤	ziu
鞣	ziu
鍒	ziu
坐	zo
座	zo
惹	zɔ
麝	zɔ
辱	zɔʔ
蓐	zɔʔ
褥	zɔʔ
縟	zɔʔ
嗕	zɔʔ
溽	zɔʔ
搙	zɔʔ
上	zɔŋ
嗟	tʃɛ
罝	tʃɛ
赭	tʃɛ
鷓	tʃɛ
這	tʃɛ
沰	tʃɛ
夯	hɔŋ
